prediction_gw,target_gw,algorithm,formation,predicted_points,actual_points,actual_points_no_captaincy,avg_fpl_points,captain,captain_points,prediction_diff,prediction_diff_pct,prediction_accuracy,avg_player_diff,std_player_diff,points_vs_avg,pct_vs_avg
1,2,DeepLearning,3-5-2,42.91069984436035,85,75,69,Mohamed Salah,20,-32.08930015563965,74.78158191786532,57.21426645914713,2.91720910505815,5.455274200374761,16,23.188405797101442
1,2,DeepLearning,3-5-2,42.91069984436035,85,75,69,Mohamed Salah,20,-32.08930015563965,74.78158191786532,57.21426645914713,2.91720910505815,5.455274200374761,16,23.188405797101442
1,2,GBReg,4-4-2,49.004067834014734,87,81,69,Pedro Porro,12,-31.995932165985266,65.29240036635535,60.49884917779597,2.9087211059986604,5.644725256002636,18,26.086956521739136
1,2,GBReg,4-4-2,49.004067834014734,87,81,69,Pedro Porro,12,-31.995932165985266,65.29240036635535,60.49884917779597,2.9087211059986604,5.644725256002636,18,26.086956521739136
1,2,LSTM,5-2-3,47.268993854522705,53,47,69,Bukayo Saka,12,0.2689938545227051,-0.5690704044824302,99.42767264995169,-0.02445398677479137,3.278623821660851,-16,-23.188405797101453
1,2,LSTM,5-2-3,47.268993854522705,53,47,69,Bukayo Saka,12,0.2689938545227051,-0.5690704044824302,99.42767264995169,-0.02445398677479137,3.278623821660851,-16,-23.188405797101453
1,2,RFReg,3-4-3,46.71403200887161,70,68,69,Alexander Isak,4,-21.285967991128388,45.56653980775176,68.69710589539943,1.9350879991934902,4.469189452591921,1,1.449275362318847
1,2,RFReg,3-4-3,46.71403200887161,70,68,69,Alexander Isak,4,-21.285967991128388,45.56653980775176,68.69710589539943,1.9350879991934902,4.469189452591921,1,1.449275362318847
1,2,Ridge,3-4-3,39.07208618354327,80,70,69,Mohamed Salah,20,-30.92791381645673,79.15603398080961,55.81726597649039,2.8116285287687934,5.600739694644633,11,15.94202898550725
1,2,Ridge,3-4-3,39.07208618354327,80,70,69,Mohamed Salah,20,-30.92791381645673,79.15603398080961,55.81726597649039,2.8116285287687934,5.600739694644633,11,15.94202898550725
1,2,XGBoost,3-5-2,49.865541219711304,83,77,69,Bukayo Saka,12,-27.134458780288696,54.41524972271381,64.76044314248222,2.466768980026245,5.615206847572996,14,20.28985507246377
1,2,XGBoost,3-5-2,49.865541219711304,83,77,69,Bukayo Saka,12,-27.134458780288696,54.41524972271381,64.76044314248222,2.466768980026245,5.615206847572996,14,20.28985507246377
2,3,DeepLearning,5-3-2,45.76409864425659,73,56,64,Mohamed Salah,34,-10.235901355743408,22.36666220679082,81.72160472188676,0.9305364868857644,4.086112808255605,9,14.0625
2,3,DeepLearning,5-3-2,45.76409864425659,73,56,64,Mohamed Salah,34,-10.235901355743408,22.36666220679082,81.72160472188676,0.9305364868857644,4.086112808255605,9,14.0625
2,3,GBReg,3-5-2,51.9095817496864,73,56,64,Mohamed Salah,34,-4.090418250313597,7.879890595223893,92.69568169586859,0.37185620457396384,4.18621326426496,9,14.0625
2,3,GBReg,3-5-2,51.9095817496864,73,56,64,Mohamed Salah,34,-4.090418250313597,7.879890595223893,92.69568169586859,0.37185620457396384,4.18621326426496,9,14.0625
2,3,LSTM,4-4-2,76.72286319732666,62,56,64,Bukayo Saka,12,20.72286319732666,-27.01002326259473,62.99488714763096,-1.8838966543024236,3.918000037744024,-2,-3.125
2,3,LSTM,4-4-2,76.72286319732666,62,56,64,Bukayo Saka,12,20.72286319732666,-27.01002326259473,62.99488714763096,-1.8838966543024236,3.918000037744024,-2,-3.125
2,3,RFReg,3-5-2,52.92885988219444,70,53,64,Mohamed Salah,34,-0.0711401178055624,0.13440704742913034,99.86577336263102,0.006467283436869309,4.2293264670813535,6,9.375
2,3,RFReg,3-5-2,52.92885988219444,70,53,64,Mohamed Salah,34,-0.0711401178055624,0.13440704742913034,99.86577336263102,0.006467283436869309,4.2293264670813535,6,9.375
2,3,Ridge,4-4-2,52.324092756283825,81,64,64,Mohamed Salah,34,-11.675907243716175,22.31459090576198,81.75639493169348,1.0614461130651065,3.745782952897066,17,26.5625
2,3,Ridge,4-4-2,52.324092756283825,81,64,64,Mohamed Salah,34,-11.675907243716175,22.31459090576198,81.75639493169348,1.0614461130651065,3.745782952897066,17,26.5625
2,3,XGBoost,5-2-3,51.8816020488739,73,56,64,Mohamed Salah,34,-4.118397951126099,7.938070122133967,92.64571794441768,0.37439981373873615,4.2696865443714715,9,14.0625
2,3,XGBoost,5-2-3,51.8816020488739,73,56,64,Mohamed Salah,34,-4.118397951126099,7.938070122133967,92.64571794441768,0.37439981373873615,4.2696865443714715,9,14.0625
3,4,DeepLearning,4-4-2,48.793742179870605,42,40,51,Mohamed Salah,4,8.793742179870605,-18.02227455203954,78.01564455032349,-0.7994311072609641,4.032627359682342,-9,-17.647058823529417
3,4,DeepLearning,4-4-2,48.793742179870605,42,40,51,Mohamed Salah,4,8.793742179870605,-18.02227455203954,78.01564455032349,-0.7994311072609641,4.032627359682342,-9,-17.647058823529417
3,4,GBReg,4-4-2,54.547423061131475,60,58,51,Mohamed Salah,4,-3.452576938868525,6.329495959871845,94.04728113988186,0.3138706308062284,4.6354463960407255,9,17.647058823529417
3,4,GBReg,4-4-2,54.547423061131475,60,58,51,Mohamed Salah,4,-3.452576938868525,6.329495959871845,94.04728113988186,0.3138706308062284,4.6354463960407255,9,17.647058823529417
3,4,LSTM,3-4-3,87.19280767440796,55,52,51,Cole Palmer,6,35.19280767440796,-40.36205349164072,32.321523703061615,-3.1993461522189053,7.041426530724224,4,7.843137254901955
3,4,LSTM,3-4-3,87.19280767440796,55,52,51,Cole Palmer,6,35.19280767440796,-40.36205349164072,32.321523703061615,-3.1993461522189053,7.041426530724224,4,7.843137254901955
3,4,RFReg,5-3-2,49.72839541431299,54,52,51,Mohamed Salah,4,-2.271604585687008,4.568023091758944,95.6315296429096,0.20650950778972763,4.072007368350456,3,5.882352941176472
3,4,RFReg,5-3-2,49.72839541431299,54,52,51,Mohamed Salah,4,-2.271604585687008,4.568023091758944,95.6315296429096,0.20650950778972763,4.072007368350456,3,5.882352941176472
3,4,Ridge,4-3-3,51.98815249228,27,25,51,Mohamed Salah,4,26.98815249228,-51.91212073998517,0.0,-2.453468408389092,1.9524083782439323,-24,-47.05882352941176
3,4,Ridge,4-3-3,51.98815249228,27,25,51,Mohamed Salah,4,26.98815249228,-51.91212073998517,0.0,-2.453468408389092,1.9524083782439323,-24,-47.05882352941176
3,4,XGBoost,4-4-2,53.57424879074097,40,38,51,Mohamed Salah,4,15.574248790740967,-29.0704006911481,59.01513476120799,-1.4158407991582698,2.981655366305849,-11,-21.568627450980394
3,4,XGBoost,4-4-2,53.57424879074097,40,38,51,Mohamed Salah,4,15.574248790740967,-29.0704006911481,59.01513476120799,-1.4158407991582698,2.981655366305849,-11,-21.568627450980394
4,5,DeepLearning,4-4-2,44.114678144454956,63,57,58,Mohamed Salah,12,-12.885321855545044,29.208695149835705,77.39417218325431,1.1713928959586404,2.5742432393504386,5,8.62068965517242
4,5,DeepLearning,4-4-2,44.114678144454956,63,57,58,Mohamed Salah,12,-12.885321855545044,29.208695149835705,77.39417218325431,1.1713928959586404,2.5742432393504386,5,8.62068965517242
4,5,GBReg,5-3-2,50.560926829926416,53,47,58,Mohamed Salah,12,3.560926829926416,-7.042843264927545,92.42355993632677,-0.3237206209024018,2.7578188745253853,-5,-8.62068965517241
4,5,GBReg,5-3-2,50.560926829926416,53,47,58,Mohamed Salah,12,3.560926829926416,-7.042843264927545,92.42355993632677,-0.3237206209024018,2.7578188745253853,-5,-8.62068965517241
4,5,LSTM,3-5-2,82.36141109466553,78,72,58,Mohamed Salah,12,10.361411094665527,-12.580419588435909,85.60915125740898,-0.941946463151412,4.4589229999059246,20,34.48275862068966
4,5,LSTM,3-5-2,82.36141109466553,78,72,58,Mohamed Salah,12,10.361411094665527,-12.580419588435909,85.60915125740898,-0.941946463151412,4.4589229999059246,20,34.48275862068966
4,5,RFReg,3-4-3,51.299993373313264,70,64,58,Mohamed Salah,12,-12.700006626686736,24.756351398075218,80.15623964580197,1.154546056971521,4.233652139557217,12,20.68965517241379
4,5,RFReg,3-4-3,51.299993373313264,70,64,58,Mohamed Salah,12,-12.700006626686736,24.756351398075218,80.15623964580197,1.154546056971521,4.233652139557217,12,20.68965517241379
4,5,Ridge,4-4-2,48.83828088393574,62,56,58,Mohamed Salah,12,-7.161719116064262,14.664150716287704,87.21121586417095,0.6510653741876605,4.552508035470377,4,6.896551724137923
4,5,Ridge,4-4-2,48.83828088393574,62,56,58,Mohamed Salah,12,-7.161719116064262,14.664150716287704,87.21121586417095,0.6510653741876605,4.552508035470377,4,6.896551724137923
4,5,XGBoost,3-4-3,53.88065767288208,59,53,58,Ollie Watkins,12,0.8806576728820801,-1.634459768900165,98.3383817492791,-0.08005978844382546,2.404387932251899,1,1.724137931034475
4,5,XGBoost,3-4-3,53.88065767288208,59,53,58,Ollie Watkins,12,0.8806576728820801,-1.634459768900165,98.3383817492791,-0.08005978844382546,2.404387932251899,1,1.724137931034475
5,6,DeepLearning,3-5-2,53.173423528671265,77,67,50,Mohamed Salah,20,-13.826576471328735,26.002795294670843,79.36331869950935,1.2569614973935215,7.1028365820694574,27,54.0
5,6,DeepLearning,3-5-2,53.173423528671265,77,67,50,Mohamed Salah,20,-13.826576471328735,26.002795294670843,79.36331869950935,1.2569614973935215,7.1028365820694574,27,54.0
5,6,GBReg,4-3-3,53.49334247536814,78,68,50,Mohamed Salah,20,-14.506657524631862,27.118622343166688,78.6666801108355,1.3187870476938057,6.745580025310275,28,56.00000000000001
5,6,GBReg,4-3-3,53.49334247536814,78,68,50,Mohamed Salah,20,-14.506657524631862,27.118622343166688,78.6666801108355,1.3187870476938057,6.745580025310275,28,56.00000000000001
5,6,LSTM,4-3-3,75.20949745178223,68,58,50,Mohamed Salah,20,17.209497451782227,-22.882080102736303,70.32845266934099,-1.5644997683438389,7.309383307733968,18,36.00000000000001
5,6,LSTM,4-3-3,75.20949745178223,68,58,50,Mohamed Salah,20,17.209497451782227,-22.882080102736303,70.32845266934099,-1.5644997683438389,7.309383307733968,18,36.00000000000001
5,6,RFReg,3-4-3,50.45347583501828,77,67,50,Mohamed Salah,20,-16.54652416498172,32.7956080153694,75.30369527614668,1.5042294695437926,6.890742815091015,27,54.0
5,6,RFReg,3-4-3,50.45347583501828,77,67,50,Mohamed Salah,20,-16.54652416498172,32.7956080153694,75.30369527614668,1.5042294695437926,6.890742815091015,27,54.0
5,6,Ridge,3-5-2,54.300999642712966,60,50,50,Mohamed Salah,20,4.300999642712966,-7.920663838626307,91.39800071457407,-0.39099996751936084,6.745446259526793,10,19.999999999999996
5,6,Ridge,3-5-2,54.300999642712966,60,50,50,Mohamed Salah,20,4.300999642712966,-7.920663838626307,91.39800071457407,-0.39099996751936084,6.745446259526793,10,19.999999999999996
5,6,XGBoost,4-4-2,56.43399620056152,87,62,50,Cole Palmer,50,-5.566003799438477,9.86285603390089,91.02257451703471,0.5060003454034978,6.729924427539875,37,74.0
5,6,XGBoost,4-4-2,56.43399620056152,87,62,50,Cole Palmer,50,-5.566003799438477,9.86285603390089,91.02257451703471,0.5060003454034978,6.729924427539875,37,74.0
6,7,DeepLearning,3-5-2,47.18058252334595,64,48,46,Bukayo Saka,32,-0.8194174766540527,1.7367684603058597,98.29288025697073,0.07449249787764116,3.917020054765109,18,39.13043478260869
6,7,DeepLearning,3-5-2,47.18058252334595,64,48,46,Bukayo Saka,32,-0.8194174766540527,1.7367684603058597,98.29288025697073,0.07449249787764116,3.917020054765109,18,39.13043478260869
6,7,GBReg,4-4-2,54.04292472044305,41,38,46,Mohamed Salah,6,16.042924720443047,-29.685522764415495,57.78177705146567,-1.4584477018584587,3.9215336046543814,-5,-10.869565217391308
6,7,GBReg,4-4-2,54.04292472044305,41,38,46,Mohamed Salah,6,16.042924720443047,-29.685522764415495,57.78177705146567,-1.4584477018584587,3.9215336046543814,-5,-10.869565217391308
6,7,LSTM,4-3-3,81.53585910797119,55,39,46,Bukayo Saka,32,42.53585910797119,-52.168284695013114,0.0,-3.8668962825428355,5.113349554993122,9,19.565217391304344
6,7,LSTM,4-3-3,81.53585910797119,55,39,46,Bukayo Saka,32,42.53585910797119,-52.168284695013114,0.0,-3.8668962825428355,5.113349554993122,9,19.565217391304344
6,7,RFReg,4-3-3,48.53213531419399,66,63,46,Mohamed Salah,6,-14.467864685806013,29.810896619614958,77.03513541935554,1.3152604259823646,4.21553964544343,20,43.47826086956521
6,7,RFReg,4-3-3,48.53213531419399,66,63,46,Mohamed Salah,6,-14.467864685806013,29.810896619614958,77.03513541935554,1.3152604259823646,4.21553964544343,20,43.47826086956521
6,7,Ridge,4-3-3,52.57623097947554,63,57,46,Cole Palmer,12,-4.42376902052446,8.414009407124269,92.23900171837815,0.4021608200476784,4.016094976322567,17,36.956521739130444
6,7,Ridge,4-3-3,52.57623097947554,63,57,46,Cole Palmer,12,-4.42376902052446,8.414009407124269,92.23900171837815,0.4021608200476784,4.016094976322567,17,36.956521739130444
6,7,XGBoost,3-5-2,56.99797177314758,48,45,46,Mohamed Salah,6,11.997971773147583,-21.04982230051907,73.33784050411649,-1.0907247066497803,4.134961142858332,2,4.347826086956519
6,7,XGBoost,3-5-2,56.99797177314758,48,45,46,Mohamed Salah,6,11.997971773147583,-21.04982230051907,73.33784050411649,-1.0907247066497803,4.134961142858332,2,4.347826086956519
7,8,DeepLearning,3-5-2,45.58009719848633,37,35,36,Cole Palmer,4,10.580097198486328,-23.212098807980787,69.77115086146763,-0.9618270180442117,3.911718280911147,1,2.777777777777768
7,8,DeepLearning,3-5-2,45.58009719848633,37,35,36,Cole Palmer,4,10.580097198486328,-23.212098807980787,69.77115086146763,-0.9618270180442117,3.911718280911147,1,2.777777777777768
7,8,GBReg,5-3-2,50.948044408168585,35,33,36,Cole Palmer,4,17.948044408168585,-35.22813214257729,45.61198664191338,-1.631640400742598,3.4773440316886957,-1,-2.777777777777779
7,8,GBReg,5-3-2,50.948044408168585,35,33,36,Cole Palmer,4,17.948044408168585,-35.22813214257729,45.61198664191338,-1.631640400742598,3.4773440316886957,-1,-2.777777777777779
7,8,LSTM,3-4-3,76.38707971572876,52,50,36,Cole Palmer,4,26.38707971572876,-34.54390430152212,47.22584056854247,-2.3988254287026147,6.898736675243278,16,44.44444444444444
7,8,LSTM,3-4-3,76.38707971572876,52,50,36,Cole Palmer,4,26.38707971572876,-34.54390430152212,47.22584056854247,-2.3988254287026147,6.898736675243278,16,44.44444444444444
7,8,RFReg,3-4-3,51.03111320712529,47,45,36,Cole Palmer,4,6.031113207125287,-11.818502141323428,86.59752620638825,-0.5482830188295715,4.155194250330982,11,30.555555555555557
7,8,RFReg,3-4-3,51.03111320712529,47,45,36,Cole Palmer,4,6.031113207125287,-11.818502141323428,86.59752620638825,-0.5482830188295715,4.155194250330982,11,30.555555555555557
7,8,Ridge,3-5-2,52.098933722950555,51,49,36,Cole Palmer,4,3.098933722950555,-5.948171107358801,93.67564546336622,-0.2817212475409596,4.390004556939457,15,41.66666666666667
7,8,Ridge,3-5-2,52.098933722950555,51,49,36,Cole Palmer,4,3.098933722950555,-5.948171107358801,93.67564546336622,-0.2817212475409596,4.390004556939457,15,41.66666666666667
7,8,XGBoost,4-4-2,53.13680601119995,54,42,36,Mohamed Salah,24,11.136806011199951,-20.958741872540443,73.4837952114287,-1.0124369101090864,3.8324248455639642,18,50.0
7,8,XGBoost,4-4-2,53.13680601119995,54,42,36,Mohamed Salah,24,11.136806011199951,-20.958741872540443,73.4837952114287,-1.0124369101090864,3.8324248455639642,18,50.0
8,9,DeepLearning,3-4-3,44.95932674407959,81,71,54,Cole Palmer,20,-26.04067325592041,57.92051425536424,63.322995414196605,2.367333932356401,4.488436558320804,27,50.0
8,9,DeepLearning,3-4-3,44.95932674407959,81,71,54,Cole Palmer,20,-26.04067325592041,57.92051425536424,63.322995414196605,2.367333932356401,4.488436558320804,27,50.0
8,9,GBReg,4-4-2,48.304696873221694,61,51,54,Cole Palmer,20,-2.695303126778306,5.579795136386578,94.71509190827783,0.24502755697984646,3.4355756616277033,7,12.962962962962955
8,9,GBReg,4-4-2,48.304696873221694,61,51,54,Cole Palmer,20,-2.695303126778306,5.579795136386578,94.71509190827783,0.24502755697984646,3.4355756616277033,7,12.962962962962955
8,9,LSTM,3-5-2,76.21862268447876,63,61,54,Bruno Borges Fernandes,4,15.21862268447876,-19.967065985276456,75.05143822216597,-1.3835111531344326,5.7189552025132455,9,16.666666666666675
8,9,LSTM,3-5-2,76.21862268447876,63,61,54,Bruno Borges Fernandes,4,15.21862268447876,-19.967065985276456,75.05143822216597,-1.3835111531344326,5.7189552025132455,9,16.666666666666675
8,9,RFReg,4-4-2,45.56738438487661,70,60,54,Cole Palmer,20,-14.432615615123389,31.673127193829977,75.94564064146103,1.3120559650112171,3.818588337841332,16,29.629629629629626
8,9,RFReg,4-4-2,45.56738438487661,70,60,54,Cole Palmer,20,-14.432615615123389,31.673127193829977,75.94564064146103,1.3120559650112171,3.818588337841332,16,29.629629629629626
8,9,Ridge,4-4-2,49.95012812094569,76,66,54,Mohamed Salah,20,-16.049871879054308,32.131793216210156,75.68201230446317,1.4590792617322095,4.702631657996706,22,40.74074074074075
8,9,Ridge,4-4-2,49.95012812094569,76,66,54,Mohamed Salah,20,-16.049871879054308,32.131793216210156,75.68201230446317,1.4590792617322095,4.702631657996706,22,40.74074074074075
8,9,XGBoost,3-5-2,49.677289962768555,59,49,54,Cole Palmer,20,0.6772899627685547,-1.3633794501997976,98.61777558618662,-0.061571814797141335,3.9483655728566243,5,9.259259259259256
8,9,XGBoost,3-5-2,49.677289962768555,59,49,54,Cole Palmer,20,0.6772899627685547,-1.3633794501997976,98.61777558618662,-0.061571814797141335,3.9483655728566243,5,9.259259259259256
9,10,DeepLearning,4-3-3,44.145983934402466,58,55,39,Cole Palmer,6,-10.854016065597534,24.586644351897945,80.2654253352772,0.9867287332361395,4.71273664548149,19,48.71794871794872
9,10,DeepLearning,4-3-3,44.145983934402466,58,55,39,Cole Palmer,6,-10.854016065597534,24.586644351897945,80.2654253352772,0.9867287332361395,4.71273664548149,19,48.71794871794872
9,10,GBReg,4-4-2,51.035195770848496,41,38,39,Cole Palmer,6,13.035195770848496,-25.541580812930377,65.69685323460922,-1.1850177973498635,2.6457912875295264,2,5.128205128205132
9,10,GBReg,4-4-2,51.035195770848496,41,38,39,Cole Palmer,6,13.035195770848496,-25.541580812930377,65.69685323460922,-1.1850177973498635,2.6457912875295264,2,5.128205128205132
9,10,LSTM,4-3-3,69.26336193084717,47,44,39,Cole Palmer,6,25.263361930847168,-36.47435126823647,42.58326833898371,-2.296669266440652,3.8479468979378892,8,20.512820512820507
9,10,LSTM,4-3-3,69.26336193084717,47,44,39,Cole Palmer,6,25.263361930847168,-36.47435126823647,42.58326833898371,-2.296669266440652,3.8479468979378892,8,20.512820512820507
9,10,RFReg,5-3-2,46.604034270783615,45,42,39,Cole Palmer,6,4.604034270783615,-9.879046616507004,89.0380136409914,-0.4185485700712377,2.548489328447816,6,15.384615384615374
9,10,RFReg,5-3-2,46.604034270783615,45,42,39,Cole Palmer,6,4.604034270783615,-9.879046616507004,89.0380136409914,-0.4185485700712377,2.548489328447816,6,15.384615384615374
9,10,Ridge,3-4-3,49.67309127043358,50,47,39,Cole Palmer,6,2.6730912704335807,-5.38136685691768,94.31257176503493,-0.2430082973121437,2.686672685091457,11,28.205128205128215
9,10,Ridge,3-4-3,49.67309127043358,50,47,39,Cole Palmer,6,2.6730912704335807,-5.38136685691768,94.31257176503493,-0.2430082973121437,2.686672685091457,11,28.205128205128215
9,10,XGBoost,5-3-2,47.46872544288635,39,36,39,Bryan Mbeumo,6,11.468725442886353,-24.160592760564736,68.14242932531569,-1.0426114038987593,2.4366088147173315,0,0.0
9,10,XGBoost,5-3-2,47.46872544288635,39,36,39,Bryan Mbeumo,6,11.468725442886353,-24.160592760564736,68.14242932531569,-1.0426114038987593,2.4366088147173315,0,0.0
10,11,DeepLearning,4-4-2,45.04048466682434,61,59,49,Dominic Solanke-Mitchell,4,-13.95951533317566,30.993261809764405,76.33980452004126,1.2690468484705144,5.551883365944257,12,24.489795918367353
10,11,DeepLearning,4-4-2,45.04048466682434,61,59,49,Dominic Solanke-Mitchell,4,-13.95951533317566,30.993261809764405,76.33980452004126,1.2690468484705144,5.551883365944257,12,24.489795918367353
10,11,GBReg,5-2-3,45.55488598466803,42,40,49,Cole Palmer,4,5.554885984668033,-12.193831385150622,86.11278503832992,-0.504989634969821,3.7186152594094306,-7,-14.28571428571429
10,11,GBReg,5-2-3,45.55488598466803,42,40,49,Cole Palmer,4,5.554885984668033,-12.193831385150622,86.11278503832992,-0.504989634969821,3.7186152594094306,-7,-14.28571428571429
10,11,LSTM,4-3-3,63.76694321632385,73,59,49,Mohamed Salah,28,4.7669432163238525,-7.475571159420968,91.92043522656974,-0.43335847421125934,4.097532077771409,24,48.979591836734706
10,11,LSTM,4-3-3,63.76694321632385,73,59,49,Mohamed Salah,28,4.7669432163238525,-7.475571159420968,91.92043522656974,-0.43335847421125934,4.097532077771409,24,48.979591836734706
10,11,RFReg,4-4-2,46.343260672079275,57,55,49,Cole Palmer,4,-8.656739327920725,18.67960778412858,84.26047394923505,0.7869763025382482,3.826984064335027,8,16.326530612244895
10,11,RFReg,4-4-2,46.343260672079275,57,55,49,Cole Palmer,4,-8.656739327920725,18.67960778412858,84.26047394923505,0.7869763025382482,3.826984064335027,8,16.326530612244895
10,11,Ridge,3-4-3,51.263932579654664,60,46,49,Mohamed Salah,28,5.263932579654664,-10.268296470380001,88.55666830509855,-0.478539325423152,3.924501167780418,11,22.44897959183674
10,11,Ridge,3-4-3,51.263932579654664,60,46,49,Mohamed Salah,28,5.263932579654664,-10.268296470380001,88.55666830509855,-0.478539325423152,3.924501167780418,11,22.44897959183674
10,11,XGBoost,4-4-2,46.46081614494324,50,48,49,Cole Palmer,4,-1.5391838550567627,3.3128644366792637,96.79336696863174,0.13992580500516025,3.981915871563831,1,2.0408163265306145
10,11,XGBoost,4-4-2,46.46081614494324,50,48,49,Cole Palmer,4,-1.5391838550567627,3.3128644366792637,96.79336696863174,0.13992580500516025,3.981915871563831,1,2.0408163265306145
11,12,DeepLearning,5-2-3,44.888713121414185,80,67,49,Mohamed Salah,26,-22.111286878585815,49.25801017903901,66.99807928569281,2.0101169889623467,4.155785208019197,31,63.26530612244898
11,12,DeepLearning,5-2-3,44.888713121414185,80,67,49,Mohamed Salah,26,-22.111286878585815,49.25801017903901,66.99807928569281,2.0101169889623467,4.155785208019197,31,63.26530612244898
11,12,GBReg,5-3-2,49.975046427120404,49,36,49,Mohamed Salah,26,13.975046427120404,-27.964048912891936,61.18042659133221,-1.270458766101855,3.2736314371115323,0,0.0
11,12,GBReg,5-3-2,49.975046427120404,49,36,49,Mohamed Salah,26,13.975046427120404,-27.964048912891936,61.18042659133221,-1.270458766101855,3.2736314371115323,0,0.0
11,12,LSTM,3-5-2,78.03864526748657,70,57,49,Mohamed Salah,26,21.038645267486572,-26.959265112014897,63.09009602195339,-1.912604115226052,4.469999101704373,21,42.85714285714286
11,12,LSTM,3-5-2,78.03864526748657,70,57,49,Mohamed Salah,26,21.038645267486572,-26.959265112014897,63.09009602195339,-1.912604115226052,4.469999101704373,21,42.85714285714286
11,12,RFReg,3-5-2,49.25972737887697,70,57,49,Mohamed Salah,26,-7.740272621123033,15.71318607102592,86.42057434890695,0.7036611473748213,4.916875022352426,21,42.85714285714286
11,12,RFReg,3-5-2,49.25972737887697,70,57,49,Mohamed Salah,26,-7.740272621123033,15.71318607102592,86.42057434890695,0.7036611473748213,4.916875022352426,21,42.85714285714286
11,12,Ridge,3-5-2,51.270743979156066,79,66,49,Mohamed Salah,26,-14.729256020843934,28.728383631086096,77.68294542296374,1.3390232746221764,4.629988504675151,30,61.224489795918366
11,12,Ridge,3-5-2,51.270743979156066,79,66,49,Mohamed Salah,26,-14.729256020843934,28.728383631086096,77.68294542296374,1.3390232746221764,4.629988504675151,30,61.224489795918366
11,12,XGBoost,4-3-3,47.80733370780945,61,48,49,Mohamed Salah,26,-0.19266629219055176,0.4030057257911501,99.59861189126968,0.017515117471868343,4.434289936786624,12,24.489795918367353
11,12,XGBoost,4-3-3,47.80733370780945,61,48,49,Mohamed Salah,26,-0.19266629219055176,0.4030057257911501,99.59861189126968,0.017515117471868343,4.434289936786624,12,24.489795918367353
12,13,DeepLearning,5-3-2,45.322914361953735,89,75,60,Cole Palmer,28,-29.677085638046265,65.47920859863913,60.43055248260498,2.697916876186024,5.66716875095929,29,48.33333333333334
12,13,DeepLearning,5-3-2,45.322914361953735,89,75,60,Cole Palmer,28,-29.677085638046265,65.47920859863913,60.43055248260498,2.697916876186024,5.66716875095929,29,48.33333333333334
12,13,GBReg,3-4-3,53.40324843015619,86,73,60,Mohamed Salah,26,-19.59675156984381,36.69580436754434,73.15513483583041,1.7815228699858003,5.825624495489936,26,43.333333333333336
12,13,GBReg,3-4-3,53.40324843015619,86,73,60,Mohamed Salah,26,-19.59675156984381,36.69580436754434,73.15513483583041,1.7815228699858003,5.825624495489936,26,43.333333333333336
12,13,LSTM,5-2-3,68.06194925308228,66,53,60,Mohamed Salah,26,15.061949253082275,-22.129764748693525,71.58122782437306,-1.3692681139165706,4.1159332199060135,6,10.000000000000009
12,13,LSTM,5-2-3,68.06194925308228,66,53,60,Mohamed Salah,26,15.061949253082275,-22.129764748693525,71.58122782437306,-1.3692681139165706,4.1159332199060135,6,10.000000000000009
12,13,RFReg,5-3-2,47.178748869173866,53,40,60,Mohamed Salah,26,7.178748869173866,-15.216064523203986,82.05312782706532,-0.6526135335612608,4.263767615687586,-7,-11.66666666666667
12,13,RFReg,5-3-2,47.178748869173866,53,40,60,Mohamed Salah,26,7.178748869173866,-15.216064523203986,82.05312782706532,-0.6526135335612608,4.263767615687586,-7,-11.66666666666667
12,13,Ridge,5-3-2,50.56473028960641,78,65,60,Mohamed Salah,26,-14.435269710393591,28.54809988645537,77.79189275324063,1.3122972463994174,5.553345067296158,18,30.000000000000004
12,13,Ridge,5-3-2,50.56473028960641,78,65,60,Mohamed Salah,26,-14.435269710393591,28.54809988645537,77.79189275324063,1.3122972463994174,5.553345067296158,18,30.000000000000004
12,13,XGBoost,4-3-3,52.70093822479248,72,59,60,Mohamed Salah,26,-6.2990617752075195,11.952466099065017,89.32362410981777,0.57264197956432,5.636732971023854,12,19.999999999999996
12,13,XGBoost,4-3-3,52.70093822479248,72,59,60,Mohamed Salah,26,-6.2990617752075195,11.952466099065017,89.32362410981777,0.57264197956432,5.636732971023854,12,19.999999999999996
13,14,DeepLearning,3-5-2,46.60021781921387,74,56,58,Mohamed Salah,36,-9.399782180786133,20.171112112077893,83.21467467716762,0.8545256527987394,4.945433579483059,16,27.586206896551737
13,14,DeepLearning,3-5-2,46.60021781921387,74,56,58,Mohamed Salah,36,-9.399782180786133,20.171112112077893,83.21467467716762,0.8545256527987394,4.945433579483059,16,27.586206896551737
13,14,GBReg,4-3-3,47.38987629929526,66,48,58,Mohamed Salah,36,-0.6101237007047402,1.2874557782160956,98.72890895686513,0.0554657909731584,4.213926132585666,8,13.793103448275868
13,14,GBReg,4-3-3,47.38987629929526,66,48,58,Mohamed Salah,36,-0.6101237007047402,1.2874557782160956,98.72890895686513,0.0554657909731584,4.213926132585666,8,13.793103448275868
13,14,LSTM,5-3-2,73.30791425704956,76,58,58,Mohamed Salah,36,15.30791425704956,-20.88166661429396,73.60704438439731,-1.3916285688226873,5.928037793190259,18,31.034482758620683
13,14,LSTM,5-3-2,73.30791425704956,76,58,58,Mohamed Salah,36,15.30791425704956,-20.88166661429396,73.60704438439731,-1.3916285688226873,5.928037793190259,18,31.034482758620683
13,14,RFReg,4-3-3,47.421261840457056,73,55,58,Mohamed Salah,36,-7.578738159542944,15.981730273312134,86.22047607355829,0.6889761963220861,5.478364684309105,15,25.86206896551724
13,14,RFReg,4-3-3,47.421261840457056,73,55,58,Mohamed Salah,36,-7.578738159542944,15.981730273312134,86.22047607355829,0.6889761963220861,5.478364684309105,15,25.86206896551724
13,14,Ridge,4-4-2,50.3642097692017,73,55,58,Mohamed Salah,36,-4.6357902307983,9.204532845928103,91.57129048945764,0.42143547552711813,4.8232518988260455,15,25.86206896551724
13,14,Ridge,4-4-2,50.3642097692017,73,55,58,Mohamed Salah,36,-4.6357902307983,9.204532845928103,91.57129048945764,0.42143547552711813,4.8232518988260455,15,25.86206896551724
13,14,XGBoost,3-5-2,49.66969275474548,75,57,58,Mohamed Salah,36,-7.330307245254517,14.75810869507377,87.13981185043068,0.6663915677504106,5.004147660556908,17,29.31034482758621
13,14,XGBoost,3-5-2,49.66969275474548,75,57,58,Mohamed Salah,36,-7.330307245254517,14.75810869507377,87.13981185043068,0.6663915677504106,5.004147660556908,17,29.31034482758621
14,15,DeepLearning,3-4-3,45.21940517425537,75,57,50,Cole Palmer,36,-11.780594825744629,26.052078262302402,79.3322897793954,1.0709631659767844,5.185698733840352,25,50.0
14,15,DeepLearning,3-4-3,45.21940517425537,75,57,50,Cole Palmer,36,-11.780594825744629,26.052078262302402,79.3322897793954,1.0709631659767844,5.185698733840352,25,50.0
14,15,GBReg,4-3-3,49.386423375967695,70,52,50,Cole Palmer,36,-2.613576624032305,5.29209536826698,94.97389110763018,0.2375978749120281,4.935340822645887,20,39.99999999999999
14,15,GBReg,4-3-3,49.386423375967695,70,52,50,Cole Palmer,36,-2.613576624032305,5.29209536826698,94.97389110763018,0.2375978749120281,4.935340822645887,20,39.99999999999999
14,15,LSTM,3-4-3,69.62601470947266,83,65,50,Cole Palmer,36,4.626014709472656,-6.644089466811442,92.88305429311899,-0.4205467917702416,4.965989171734987,33,65.99999999999999
14,15,LSTM,3-4-3,69.62601470947266,83,65,50,Cole Palmer,36,4.626014709472656,-6.644089466811442,92.88305429311899,-0.4205467917702416,4.965989171734987,33,65.99999999999999
14,15,RFReg,3-4-3,48.52685067970051,78,60,50,Cole Palmer,36,-11.473149320299491,23.642888750451885,80.87808446616751,1.0430135745726805,5.229898867624322,28,56.00000000000001
14,15,RFReg,3-4-3,48.52685067970051,78,60,50,Cole Palmer,36,-11.473149320299491,23.642888750451885,80.87808446616751,1.0430135745726805,5.229898867624322,28,56.00000000000001
14,15,Ridge,3-4-3,49.27504302170355,87,69,50,Cole Palmer,36,-19.724956978296447,40.030319140682316,71.41310582855587,1.7931779071178588,5.513301725682336,37,74.0
14,15,Ridge,3-4-3,49.27504302170355,87,69,50,Cole Palmer,36,-19.724956978296447,40.030319140682316,71.41310582855587,1.7931779071178588,5.513301725682336,37,74.0
14,15,XGBoost,4-3-3,50.43834710121155,69,51,50,Cole Palmer,36,-0.5616528987884521,1.1135434269117006,98.89871980629715,0.05105935443531387,4.764007372912154,19,37.999999999999986
14,15,XGBoost,4-3-3,50.43834710121155,69,51,50,Cole Palmer,36,-0.5616528987884521,1.1135434269117006,98.89871980629715,0.05105935443531387,4.764007372912154,19,37.999999999999986
15,16,DeepLearning,5-2-3,44.80683755874634,54,51,47,Cole Palmer,6,-6.193162441253662,13.821913749511538,87.85654423283596,0.5630147673866965,2.8892020164275642,7,14.893617021276606
15,16,DeepLearning,5-2-3,44.80683755874634,54,51,47,Cole Palmer,6,-6.193162441253662,13.821913749511538,87.85654423283596,0.5630147673866965,2.8892020164275642,7,14.893617021276606
15,16,GBReg,3-5-2,48.8118774742764,57,54,47,Cole Palmer,6,-5.1881225257236,10.628811662607562,90.39236569310445,0.4716475023385087,4.150640023857261,10,21.27659574468086
15,16,GBReg,3-5-2,48.8118774742764,57,54,47,Cole Palmer,6,-5.1881225257236,10.628811662607562,90.39236569310445,0.4716475023385087,4.150640023857261,10,21.27659574468086
15,16,LSTM,4-3-3,65.56966352462769,57,54,47,Cole Palmer,6,11.569663524627686,-17.644841993557236,78.57469717661539,-1.0517875931479714,5.513888472238505,10,21.27659574468086
15,16,LSTM,4-3-3,65.56966352462769,57,54,47,Cole Palmer,6,11.569663524627686,-17.644841993557236,78.57469717661539,-1.0517875931479714,5.513888472238505,10,21.27659574468086
15,16,RFReg,5-2-3,44.75266447490776,62,59,47,Cole Palmer,6,-14.24733552509224,31.835725743392416,75.85197368628434,1.2952123204629309,3.544070872497589,15,31.914893617021267
15,16,RFReg,5-2-3,44.75266447490776,62,59,47,Cole Palmer,6,-14.24733552509224,31.835725743392416,75.85197368628434,1.2952123204629309,3.544070872497589,15,31.914893617021267
15,16,Ridge,5-3-2,46.9847396066117,57,54,47,Cole Palmer,6,-7.015260393388303,14.93093385666251,87.00877704928092,0.6377509448534817,2.9868642818312106,10,21.27659574468086
15,16,Ridge,5-3-2,46.9847396066117,57,54,47,Cole Palmer,6,-7.015260393388303,14.93093385666251,87.00877704928092,0.6377509448534817,2.9868642818312106,10,21.27659574468086
15,16,XGBoost,5-2-3,45.47273778915405,48,45,47,Cole Palmer,6,0.47273778915405273,-1.039607052792868,98.94947157965765,-0.04297616265036839,3.3388521967907256,1,2.127659574468077
15,16,XGBoost,5-2-3,45.47273778915405,48,45,47,Cole Palmer,6,0.47273778915405273,-1.039607052792868,98.94947157965765,-0.04297616265036839,3.3388521967907256,1,2.127659574468077
16,17,DeepLearning,4-4-2,45.008803367614746,80,59,60,Mohamed Salah,42,-13.991196632385254,31.08546680992714,76.28610740273686,1.2719269665804775,6.51845237855522,20,33.33333333333333
16,17,DeepLearning,4-4-2,45.008803367614746,80,59,60,Mohamed Salah,42,-13.991196632385254,31.08546680992714,76.28610740273686,1.2719269665804775,6.51845237855522,20,33.33333333333333
16,17,GBReg,3-5-2,52.24051386787443,85,64,60,Mohamed Salah,42,-11.759486132125573,22.510280358013723,81.62580291855379,1.0690441938295976,6.565956533281726,25,41.66666666666667
16,17,GBReg,3-5-2,52.24051386787443,85,64,60,Mohamed Salah,42,-11.759486132125573,22.510280358013723,81.62580291855379,1.0690441938295976,6.565956533281726,25,41.66666666666667
16,17,LSTM,3-5-2,82.71151781082153,80,59,60,Mohamed Salah,42,23.711517810821533,-28.667733876017987,59.81098676131944,-2.155592528256503,6.512262405080855,20,33.33333333333333
16,17,LSTM,3-5-2,82.71151781082153,80,59,60,Mohamed Salah,42,23.711517810821533,-28.667733876017987,59.81098676131944,-2.155592528256503,6.512262405080855,20,33.33333333333333
16,17,RFReg,5-3-2,48.066895046192435,76,55,60,Mohamed Salah,42,-6.933104953807565,14.423866877910108,87.39435462944078,0.6302822685279602,6.552098722338481,16,26.66666666666666
16,17,RFReg,5-3-2,48.066895046192435,76,55,60,Mohamed Salah,42,-6.933104953807565,14.423866877910108,87.39435462944078,0.6302822685279602,6.552098722338481,16,26.66666666666666
16,17,Ridge,4-4-2,51.846167790160884,85,64,60,Mohamed Salah,42,-12.153832209839116,23.44210329880083,81.00963717212638,1.1048938372581014,6.20927600773183,25,41.66666666666667
16,17,Ridge,4-4-2,51.846167790160884,85,64,60,Mohamed Salah,42,-12.153832209839116,23.44210329880083,81.00963717212638,1.1048938372581014,6.20927600773183,25,41.66666666666667
16,17,XGBoost,3-5-2,47.23689889907837,53,52,60,Bukayo Saka,2,-4.763101100921631,10.083433104061278,90.84019019053532,0.4330091909928754,6.834439624292733,-7,-11.66666666666667
16,17,XGBoost,3-5-2,47.23689889907837,53,52,60,Bukayo Saka,2,-4.763101100921631,10.083433104061278,90.84019019053532,0.4330091909928754,6.834439624292733,-7,-11.66666666666667
17,18,DeepLearning,3-4-3,48.616894006729126,59,50,51,Mohamed Salah,18,-1.383105993270874,2.844908177555383,97.23378801345825,0.1257369084791704,2.9095831509380314,8,15.686274509803933
17,18,DeepLearning,3-4-3,48.616894006729126,59,50,51,Mohamed Salah,18,-1.383105993270874,2.844908177555383,97.23378801345825,0.1257369084791704,2.9095831509380314,8,15.686274509803933
17,18,GBReg,3-4-3,52.25333589729264,59,50,51,Mohamed Salah,18,2.2533358972926365,-4.312329267784387,95.49332820541473,-0.20484871793569423,2.8522807061117175,8,15.686274509803933
17,18,GBReg,3-4-3,52.25333589729264,59,50,51,Mohamed Salah,18,2.2533358972926365,-4.312329267784387,95.49332820541473,-0.20484871793569423,2.8522807061117175,8,15.686274509803933
17,18,LSTM,4-4-2,75.39536666870117,53,44,51,Mohamed Salah,18,31.395366668701172,-41.64097617119794,28.64689393477007,-2.8541242426091973,4.443583934804381,2,3.9215686274509887
17,18,LSTM,4-4-2,75.39536666870117,53,44,51,Mohamed Salah,18,31.395366668701172,-41.64097617119794,28.64689393477007,-2.8541242426091973,4.443583934804381,2,3.9215686274509887
17,18,RFReg,3-5-2,51.01101873070253,56,47,51,Mohamed Salah,18,4.011018730702531,-7.863043770753741,91.46591759424993,-0.36463806642750285,3.7550698654292702,5,9.80392156862746
17,18,RFReg,3-5-2,51.01101873070253,56,47,51,Mohamed Salah,18,4.011018730702531,-7.863043770753741,91.46591759424993,-0.36463806642750285,3.7550698654292702,5,9.80392156862746
17,18,Ridge,3-4-3,52.98680318663062,50,41,51,Mohamed Salah,18,11.986803186630617,-22.622242644853642,70.7638946667546,-1.0897093806027827,3.254480678174775,-1,-1.9607843137254943
17,18,Ridge,3-4-3,52.98680318663062,50,41,51,Mohamed Salah,18,11.986803186630617,-22.622242644853642,70.7638946667546,-1.0897093806027827,3.254480678174775,-1,-1.9607843137254943
17,18,XGBoost,3-5-2,53.19377040863037,58,49,51,Mohamed Salah,18,4.193770408630371,-7.883950275406604,91.44128488034619,-0.3812518553300339,3.1738955119273853,7,13.725490196078427
17,18,XGBoost,3-5-2,53.19377040863037,58,49,51,Mohamed Salah,18,4.193770408630371,-7.883950275406604,91.44128488034619,-0.3812518553300339,3.1738955119273853,7,13.725490196078427
18,19,DeepLearning,3-5-2,50.8148455619812,67,51,66,Mohamed Salah,32,-0.18515443801879883,0.36437075813398057,99.63695208231607,0.01683222163807262,3.824760968574786,1,1.5151515151515138
18,19,DeepLearning,3-5-2,50.8148455619812,67,51,66,Mohamed Salah,32,-0.18515443801879883,0.36437075813398057,99.63695208231607,0.01683222163807262,3.824760968574786,1,1.5151515151515138
18,19,GBReg,5-3-2,53.43535878836615,63,47,66,Mohamed Salah,32,6.435358788366152,-12.043259246847704,86.30774725879542,-0.5850326171241955,3.550482540363884,-3,-4.545454545454541
18,19,GBReg,5-3-2,53.43535878836615,63,47,66,Mohamed Salah,32,6.435358788366152,-12.043259246847704,86.30774725879542,-0.5850326171241955,3.550482540363884,-3,-4.545454545454541
18,19,LSTM,4-4-2,85.18313884735107,62,46,66,Mohamed Salah,32,39.183138847351074,-45.998702768593205,14.819263375323754,-3.5621035315773706,4.807845892414144,-4,-6.060606060606055
18,19,LSTM,4-4-2,85.18313884735107,62,46,66,Mohamed Salah,32,39.183138847351074,-45.998702768593205,14.819263375323754,-3.5621035315773706,4.807845892414144,-4,-6.060606060606055
18,19,RFReg,4-4-2,51.49406185392577,64,48,66,Mohamed Salah,32,3.4940618539257713,-6.785368502949806,92.72070447098798,-0.3176419867205258,3.695238088822874,-2,-3.0303030303030276
18,19,RFReg,4-4-2,51.49406185392577,64,48,66,Mohamed Salah,32,3.4940618539257713,-6.785368502949806,92.72070447098798,-0.3176419867205258,3.695238088822874,-2,-3.0303030303030276
18,19,Ridge,4-3-3,50.366404116791706,59,43,66,Mohamed Salah,32,7.366404116791706,-14.625630409727453,82.86882763536812,-0.6696731015265186,3.408274958760529,-7,-10.606060606060607
18,19,Ridge,4-3-3,50.366404116791706,59,43,66,Mohamed Salah,32,7.366404116791706,-14.625630409727453,82.86882763536812,-0.6696731015265186,3.408274958760529,-7,-10.606060606060607
18,19,XGBoost,4-3-3,55.882455825805664,63,56,66,Alexander Isak,14,-0.11754417419433594,0.21034181919410422,99.79009968893868,0.010685834017666903,3.2274790935280984,-3,-4.545454545454541
18,19,XGBoost,4-3-3,55.882455825805664,63,56,66,Alexander Isak,14,-0.11754417419433594,0.21034181919410422,99.79009968893868,0.010685834017666903,3.2274790935280984,-3,-4.545454545454541
19,20,DeepLearning,4-3-3,49.42286229133606,91,84,60,Mohamed Salah,14,-34.57713770866394,69.96182759476758,58.83674082301912,3.1433761553330855,5.124894759616863,31,51.66666666666666
19,20,DeepLearning,4-3-3,49.42286229133606,91,84,60,Mohamed Salah,14,-34.57713770866394,69.96182759476758,58.83674082301912,3.1433761553330855,5.124894759616863,31,51.66666666666666
19,20,GBReg,5-3-2,52.75737584165764,53,46,60,Mohamed Salah,14,6.757375841657641,-12.808400216755977,85.31005251813556,-0.6143068946961493,3.5983464300313748,-7,-11.66666666666667
19,20,GBReg,5-3-2,52.75737584165764,53,46,60,Mohamed Salah,14,6.757375841657641,-12.808400216755977,85.31005251813556,-0.6143068946961493,3.5983464300313748,-7,-11.66666666666667
19,20,LSTM,3-5-2,83.65573167800903,67,60,60,Mohamed Salah,14,23.655731678009033,-28.277478665849177,60.57378053665161,-2.150521061637185,5.415906001188624,7,11.66666666666667
19,20,LSTM,3-5-2,83.65573167800903,67,60,60,Mohamed Salah,14,23.655731678009033,-28.277478665849177,60.57378053665161,-2.150521061637185,5.415906001188624,7,11.66666666666667
19,20,RFReg,4-4-2,53.07873368762228,73,66,60,Mohamed Salah,14,-12.921266312377718,24.34358435983355,80.42232376912467,1.17466057385252,5.573829116713816,13,21.666666666666657
19,20,RFReg,4-4-2,53.07873368762228,73,66,60,Mohamed Salah,14,-12.921266312377718,24.34358435983355,80.42232376912467,1.17466057385252,5.573829116713816,13,21.666666666666657
19,20,Ridge,4-4-2,53.24945940569942,61,54,60,Mohamed Salah,14,-0.7505405943005812,1.409480213840908,98.61011001055448,0.06823096311823497,5.1209618862404485,1,1.6666666666666607
19,20,Ridge,4-4-2,53.24945940569942,61,54,60,Mohamed Salah,14,-0.7505405943005812,1.409480213840908,98.61011001055448,0.06823096311823497,5.1209618862404485,1,1.6666666666666607
19,20,XGBoost,3-5-2,56.233911752700806,51,44,60,Mohamed Salah,14,12.233911752700806,-21.75539878232503,72.19565510749817,-1.1121737957000732,4.068148812054703,-9,-15.000000000000002
19,20,XGBoost,3-5-2,56.233911752700806,51,44,60,Mohamed Salah,14,12.233911752700806,-21.75539878232503,72.19565510749817,-1.1121737957000732,4.068148812054703,-9,-15.000000000000002
20,21,DeepLearning,3-4-3,49.6156005859375,45,43,55,Mohamed Salah,4,6.6156005859375,-13.33371058257945,84.61488235828489,-0.6014182350852273,4.506786312622646,-10,-18.181818181818176
20,21,DeepLearning,3-4-3,49.6156005859375,45,43,55,Mohamed Salah,4,6.6156005859375,-13.33371058257945,84.61488235828489,-0.6014182350852273,4.506786312622646,-10,-18.181818181818176
20,21,GBReg,4-3-3,49.65238103439661,66,64,55,Mohamed Salah,4,-14.347618965603388,28.896134821135956,77.5818453662447,1.304328996873035,4.614223732605025,11,19.999999999999996
20,21,GBReg,4-3-3,49.65238103439661,66,64,55,Mohamed Salah,4,-14.347618965603388,28.896134821135956,77.5818453662447,1.304328996873035,4.614223732605025,11,19.999999999999996
20,21,LSTM,3-4-3,80.72336292266846,64,62,55,Mohamed Salah,4,18.723362922668457,-23.194478332877566,69.80102754408313,-1.7021239020607688,6.090242939675063,9,16.36363636363636
20,21,LSTM,3-4-3,80.72336292266846,64,62,55,Mohamed Salah,4,18.723362922668457,-23.194478332877566,69.80102754408313,-1.7021239020607688,6.090242939675063,9,16.36363636363636
20,21,RFReg,3-5-2,52.97270537748974,56,54,55,Mohamed Salah,4,-1.0272946225102615,1.9392904613604989,98.09760255090693,0.093390420228206,4.083713775942264,1,1.8181818181818077
20,21,RFReg,3-5-2,52.97270537748974,56,54,55,Mohamed Salah,4,-1.0272946225102615,1.9392904613604989,98.09760255090693,0.093390420228206,4.083713775942264,1,1.8181818181818077
20,21,Ridge,3-5-2,53.18116735319932,63,61,55,Mohamed Salah,4,-7.818832646800679,14.702258404507006,87.18224156262184,0.7108029678909701,5.8964095043554146,8,14.54545454545455
20,21,Ridge,3-5-2,53.18116735319932,63,61,55,Mohamed Salah,4,-7.818832646800679,14.702258404507006,87.18224156262184,0.7108029678909701,5.8964095043554146,8,14.54545454545455
20,21,XGBoost,3-4-3,51.70592737197876,59,57,55,Mohamed Salah,4,-5.29407262802124,10.238811867612462,90.71215328417325,0.4812793298201127,4.5612294290337365,4,7.272727272727275
20,21,XGBoost,3-4-3,51.70592737197876,59,57,55,Mohamed Salah,4,-5.29407262802124,10.238811867612462,90.71215328417325,0.4812793298201127,4.5612294290337365,4,7.272727272727275
21,22,DeepLearning,3-4-3,48.842989683151245,40,37,46,Mohamed Salah,6,11.842989683151245,-24.247061369457022,67.99191977526691,-1.0766354257410222,3.882596125400882,-6,-13.043478260869568
21,22,DeepLearning,3-4-3,48.842989683151245,40,37,46,Mohamed Salah,6,11.842989683151245,-24.247061369457022,67.99191977526691,-1.0766354257410222,3.882596125400882,-6,-13.043478260869568
21,22,GBReg,3-4-3,52.60257470671883,38,35,46,Mohamed Salah,6,17.602574706718833,-33.46333293543232,49.706929409374766,-1.6002340642471664,3.4010009076540655,-8,-17.391304347826086
21,22,GBReg,3-4-3,52.60257470671883,38,35,46,Mohamed Salah,6,17.602574706718833,-33.46333293543232,49.706929409374766,-1.6002340642471664,3.4010009076540655,-8,-17.391304347826086
21,22,LSTM,4-3-3,81.78521919250488,41,38,46,Mohamed Salah,6,43.78521919250488,-53.536836637245976,0.0,-3.9804744720458984,5.53335103713818,-5,-10.869565217391308
21,22,LSTM,4-3-3,81.78521919250488,41,38,46,Mohamed Salah,6,43.78521919250488,-53.536836637245976,0.0,-3.9804744720458984,5.53335103713818,-5,-10.869565217391308
21,22,RFReg,3-5-2,52.869692145125164,33,30,46,Mohamed Salah,6,22.869692145125164,-43.25671517501707,23.76769284958279,-2.0790629222841055,2.9548266697776135,-13,-28.260869565217394
21,22,RFReg,3-5-2,52.869692145125164,33,30,46,Mohamed Salah,6,22.869692145125164,-43.25671517501707,23.76769284958279,-2.0790629222841055,2.9548266697776135,-13,-28.260869565217394
21,22,Ridge,3-4-3,54.133900501422254,30,27,46,Mohamed Salah,6,27.133900501422254,-50.12367527573478,0.0,-2.4667182274020223,3.19906398662493,-16,-34.78260869565217
21,22,Ridge,3-4-3,54.133900501422254,30,27,46,Mohamed Salah,6,27.133900501422254,-50.12367527573478,0.0,-2.4667182274020223,3.19906398662493,-16,-34.78260869565217
21,22,XGBoost,3-5-2,49.58109927177429,40,37,46,Mohamed Salah,6,12.581099271774292,-25.374788894477994,65.99702899520462,-1.1437362974340266,3.534680230859448,-6,-13.043478260869568
21,22,XGBoost,3-5-2,49.58109927177429,40,37,46,Mohamed Salah,6,12.581099271774292,-25.374788894477994,65.99702899520462,-1.1437362974340266,3.534680230859448,-6,-13.043478260869568
22,23,DeepLearning,3-4-3,50.93964123725891,52,44,59,Mohamed Salah,16,6.939641237258911,-13.623262882705644,84.22808809713884,-0.6308764761144464,3.7581992541908944,-7,-11.864406779661019
22,23,DeepLearning,3-4-3,50.93964123725891,52,44,59,Mohamed Salah,16,6.939641237258911,-13.623262882705644,84.22808809713884,-0.6308764761144464,3.7581992541908944,-7,-11.864406779661019
22,23,GBReg,3-5-2,55.51671263534747,73,65,59,Mohamed Salah,16,-9.483287364652533,17.08186042452111,85.4103271313038,0.8621170331502302,5.043195286931936,14,23.728813559322038
22,23,GBReg,3-5-2,55.51671263534747,73,65,59,Mohamed Salah,16,-9.483287364652533,17.08186042452111,85.4103271313038,0.8621170331502302,5.043195286931936,14,23.728813559322038
22,23,LSTM,3-5-2,80.50587940216064,58,50,59,Mohamed Salah,16,30.505879402160645,-37.89273482719315,38.98824119567871,-2.7732617638327857,4.807530742915855,-1,-1.6949152542372836
22,23,LSTM,3-5-2,80.50587940216064,58,50,59,Mohamed Salah,16,30.505879402160645,-37.89273482719315,38.98824119567871,-2.7732617638327857,4.807530742915855,-1,-1.6949152542372836
22,23,RFReg,3-5-2,52.78902105468481,71,63,59,Mohamed Salah,16,-10.21097894531519,19.34299735306231,83.7920969121981,0.9282708132104719,3.0636167756616834,12,20.338983050847446
22,23,RFReg,3-5-2,52.78902105468481,71,63,59,Mohamed Salah,16,-10.21097894531519,19.34299735306231,83.7920969121981,0.9282708132104719,3.0636167756616834,12,20.338983050847446
22,23,Ridge,5-2-3,50.14725299202803,49,41,59,Mohamed Salah,16,9.14725299202803,-18.240785778399825,77.68962684871212,-0.83156845382073,2.807576280878367,-10,-16.94915254237288
22,23,Ridge,5-2-3,50.14725299202803,49,41,59,Mohamed Salah,16,9.14725299202803,-18.240785778399825,77.68962684871212,-0.83156845382073,2.807576280878367,-10,-16.94915254237288
22,23,XGBoost,4-3-3,53.025280714035034,80,72,59,Mohamed Salah,16,-18.974719285964966,35.78428823092044,73.64622321393755,1.7249744805422695,5.246772792800325,21,35.593220338983045
22,23,XGBoost,4-3-3,53.025280714035034,80,72,59,Mohamed Salah,16,-18.974719285964966,35.78428823092044,73.64622321393755,1.7249744805422695,5.246772792800325,21,35.593220338983045
23,24,DeepLearning,3-4-3,47.08698320388794,42,29,87,Mohamed Salah,26,18.08698320388794,-38.41185392058524,37.631092400386414,-1.644271200353449,2.3787600940927476,-45,-51.72413793103448
23,24,DeepLearning,3-4-3,47.08698320388794,42,29,87,Mohamed Salah,26,18.08698320388794,-38.41185392058524,37.631092400386414,-1.644271200353449,2.3787600940927476,-45,-51.72413793103448
23,24,GBReg,4-3-3,53.51640198164414,57,44,87,Mohamed Salah,26,9.516401981644137,-17.782215599823424,78.37181367808151,-0.8651274528767394,4.00685609406534,-30,-34.48275862068966
23,24,GBReg,4-3-3,53.51640198164414,57,44,87,Mohamed Salah,26,9.516401981644137,-17.782215599823424,78.37181367808151,-0.8651274528767394,4.00685609406534,-30,-34.48275862068966
23,24,LSTM,4-3-3,67.82817649841309,56,43,87,Mohamed Salah,26,24.828176498413086,-36.60451714929115,42.260054654853285,-2.2571069544011895,3.762893444661156,-31,-35.63218390804598
23,24,LSTM,4-3-3,67.82817649841309,56,43,87,Mohamed Salah,26,24.828176498413086,-36.60451714929115,42.260054654853285,-2.2571069544011895,3.762893444661156,-31,-35.63218390804598
23,24,RFReg,4-3-3,49.90244510748536,75,62,87,Mohamed Salah,26,-12.097554892514637,24.24240909730495,80.48781468949252,1.0997777175013312,4.552679342365788,-12,-13.793103448275868
23,24,RFReg,4-3-3,49.90244510748536,75,62,87,Mohamed Salah,26,-12.097554892514637,24.24240909730495,80.48781468949252,1.0997777175013312,4.552679342365788,-12,-13.793103448275868
23,24,Ridge,4-3-3,51.1943607558899,54,41,87,Mohamed Salah,26,10.194360755889903,-19.913054104727824,75.13570547343926,-0.9267600687172636,2.7871049260466236,-33,-37.93103448275862
23,24,Ridge,4-3-3,51.1943607558899,54,41,87,Mohamed Salah,26,10.194360755889903,-19.913054104727824,75.13570547343926,-0.9267600687172636,2.7871049260466236,-33,-37.93103448275862
23,24,XGBoost,3-5-2,57.803255558013916,55,42,87,Mohamed Salah,26,15.803255558013916,-27.339732694040165,62.373201052347824,-1.4366595961830833,3.8191884407066157,-32,-36.7816091954023
23,24,XGBoost,3-5-2,57.803255558013916,55,42,87,Mohamed Salah,26,15.803255558013916,-27.339732694040165,62.373201052347824,-1.4366595961830833,3.8191884407066157,-32,-36.7816091954023
24,25,DeepLearning,3-5-2,53.473689794540405,69,57,74,Mohamed Salah,24,-3.5263102054595947,6.594477057799053,93.81349086761475,0.3205736550417813,3.328940014113329,-5,-6.756756756756754
24,25,DeepLearning,3-5-2,53.473689794540405,69,57,74,Mohamed Salah,24,-3.5263102054595947,6.594477057799053,93.81349086761475,0.3205736550417813,3.328940014113329,-5,-6.756756756756754
24,25,GBReg,3-5-2,59.25368729785811,66,54,74,Mohamed Salah,24,5.253687297858107,-8.866430997700991,90.2709494484109,-0.47760793616891867,3.399081620311734,-8,-10.81081081081081
24,25,GBReg,3-5-2,59.25368729785811,66,54,74,Mohamed Salah,24,5.253687297858107,-8.866430997700991,90.2709494484109,-0.47760793616891867,3.399081620311734,-8,-10.81081081081081
24,25,LSTM,4-4-2,86.99183559417725,54,42,74,Mohamed Salah,24,44.991835594177246,-51.71960711815208,0.0,-4.090166872197932,2.7805898123713932,-20,-27.027027027027028
24,25,LSTM,4-4-2,86.99183559417725,54,42,74,Mohamed Salah,24,44.991835594177246,-51.71960711815208,0.0,-4.090166872197932,2.7805898123713932,-20,-27.027027027027028
24,25,RFReg,3-4-3,54.75113153691935,66,54,74,Mohamed Salah,24,0.7511315369193525,-1.3719013942439795,98.60901567237157,-0.06828468517448708,3.8376096865194564,-8,-10.81081081081081
24,25,RFReg,3-4-3,54.75113153691935,66,54,74,Mohamed Salah,24,0.7511315369193525,-1.3719013942439795,98.60901567237157,-0.06828468517448708,3.8376096865194564,-8,-10.81081081081081
24,25,Ridge,4-4-2,55.621701045988544,66,54,74,Mohamed Salah,24,1.6217010459885444,-2.915590525805223,96.99684991483602,-0.14742736781713991,3.1968198784863358,-8,-10.81081081081081
24,25,Ridge,4-4-2,55.621701045988544,66,54,74,Mohamed Salah,24,1.6217010459885444,-2.915590525805223,96.99684991483602,-0.14742736781713991,3.1968198784863358,-8,-10.81081081081081
24,25,XGBoost,4-4-2,60.19917130470276,65,62,74,Bryan Mbeumo,6,-1.8008286952972412,2.991450972277021,97.09543758823025,0.16371169957247647,4.065290673315995,-9,-12.16216216216216
24,25,XGBoost,4-4-2,60.19917130470276,65,62,74,Bryan Mbeumo,6,-1.8008286952972412,2.991450972277021,97.09543758823025,0.16371169957247647,4.065290673315995,-9,-12.16216216216216
25,26,DeepLearning,4-3-3,49.15693545341492,78,64,62,Mohamed Salah,28,-14.843064546585083,30.195260159477535,76.80771164596081,1.3493695042350076,5.49118588254184,16,25.806451612903224
25,26,DeepLearning,4-3-3,49.15693545341492,78,64,62,Mohamed Salah,28,-14.843064546585083,30.195260159477535,76.80771164596081,1.3493695042350076,5.49118588254184,16,25.806451612903224
25,26,GBReg,4-4-2,59.07964621180208,92,78,62,Mohamed Salah,28,-18.92035378819792,32.02516433556146,75.74313616897702,1.7200321625634478,5.597800625439489,30,48.38709677419355
25,26,GBReg,4-4-2,59.07964621180208,92,78,62,Mohamed Salah,28,-18.92035378819792,32.02516433556146,75.74313616897702,1.7200321625634478,5.597800625439489,30,48.38709677419355
25,26,LSTM,3-5-2,87.762939453125,73,59,62,Mohamed Salah,28,28.762939453125,-32.77344586719039,51.24925516419492,-2.6148126775568183,4.2771793864637,11,17.741935483870975
25,26,LSTM,3-5-2,87.762939453125,73,59,62,Mohamed Salah,28,28.762939453125,-32.77344586719039,51.24925516419492,-2.6148126775568183,4.2771793864637,11,17.741935483870975
25,26,RFReg,4-3-3,54.20551557144994,98,84,62,Mohamed Salah,28,-29.794484428550057,54.96577998465311,64.53037568029755,2.70858949350455,4.916170934305459,36,58.06451612903225
25,26,RFReg,4-3-3,54.20551557144994,98,84,62,Mohamed Salah,28,-29.794484428550057,54.96577998465311,64.53037568029755,2.70858949350455,4.916170934305459,36,58.06451612903225
25,26,Ridge,4-4-2,53.70580283302262,79,65,62,Mohamed Salah,28,-11.294197166977384,21.029752040188864,82.62431205080402,1.0267451969979435,4.489009360276344,17,27.419354838709676
25,26,Ridge,4-4-2,53.70580283302262,79,65,62,Mohamed Salah,28,-11.294197166977384,21.029752040188864,82.62431205080402,1.0267451969979435,4.489009360276344,17,27.419354838709676
25,26,XGBoost,3-4-3,60.65563082695007,87,73,62,Bryan Mbeumo,28,-12.344369173049927,20.351563415881845,83.08990524239736,1.122215379368175,5.200903001504455,25,40.322580645161295
25,26,XGBoost,3-4-3,60.65563082695007,87,73,62,Bryan Mbeumo,28,-12.344369173049927,20.351563415881845,83.08990524239736,1.122215379368175,5.200903001504455,25,40.322580645161295
26,27,DeepLearning,4-4-2,47.66689991950989,39,33,53,Mohamed Salah,12,14.666899919509888,-30.769569542547025,55.55484872875791,-1.3333545381372625,1.9661949976487643,-14,-26.415094339622648
26,27,DeepLearning,4-4-2,47.66689991950989,39,33,53,Mohamed Salah,12,14.666899919509888,-30.769569542547025,55.55484872875791,-1.3333545381372625,1.9661949976487643,-14,-26.415094339622648
26,27,GBReg,3-5-2,54.375845490184886,54,48,53,Mohamed Salah,12,6.375845490184886,-11.725510532678996,86.71698856211482,-0.5796223172895357,2.7601920133588953,1,1.8867924528301883
26,27,GBReg,3-5-2,54.375845490184886,54,48,53,Mohamed Salah,12,6.375845490184886,-11.725510532678996,86.71698856211482,-0.5796223172895357,2.7601920133588953,1,1.8867924528301883
26,27,LSTM,3-4-3,79.47391510009766,37,31,53,Mohamed Salah,12,48.473915100097656,-60.9934908064421,0.0,-4.406719554554332,3.8737899291024003,-16,-30.188679245283023
26,27,LSTM,3-4-3,79.47391510009766,37,31,53,Mohamed Salah,12,48.473915100097656,-60.9934908064421,0.0,-4.406719554554332,3.8737899291024003,-16,-30.188679245283023
26,27,RFReg,3-5-2,53.67310857468355,48,42,53,Mohamed Salah,12,11.673108574683553,-21.74852339405865,72.20688434599154,-1.0611916886075954,2.971516689834109,-5,-9.433962264150942
26,27,RFReg,3-5-2,53.67310857468355,48,42,53,Mohamed Salah,12,11.673108574683553,-21.74852339405865,72.20688434599154,-1.0611916886075954,2.971516689834109,-5,-9.433962264150942
26,27,Ridge,3-5-2,53.129216225931245,51,45,53,Mohamed Salah,12,8.129216225931245,-15.300839732628212,81.93507505348612,-0.7390196569028414,3.122698943365991,-2,-3.7735849056603765
26,27,Ridge,3-5-2,53.129216225931245,51,45,53,Mohamed Salah,12,8.129216225931245,-15.300839732628212,81.93507505348612,-0.7390196569028414,3.122698943365991,-2,-3.7735849056603765
26,27,XGBoost,4-4-2,52.57029318809509,48,42,53,Mohamed Salah,12,10.570293188095093,-20.106970205159158,74.83263526644026,-0.9609357443722811,2.9313762282616227,-5,-9.433962264150942
26,27,XGBoost,4-4-2,52.57029318809509,48,42,53,Mohamed Salah,12,10.570293188095093,-20.106970205159158,74.83263526644026,-0.9609357443722811,2.9313762282616227,-5,-9.433962264150942
27,28,DeepLearning,3-5-2,48.11622595787048,56,41,52,Mohamed Salah,30,7.116225957870483,-14.789659446901126,82.64335132226711,-0.6469296325336802,3.401031796948833,4,7.692307692307687
27,28,DeepLearning,3-5-2,48.11622595787048,56,41,52,Mohamed Salah,30,7.116225957870483,-14.789659446901126,82.64335132226711,-0.6469296325336802,3.401031796948833,4,7.692307692307687
27,28,GBReg,5-2-3,52.960638313478945,55,40,52,Mohamed Salah,30,12.960638313478945,-24.47220941100393,67.59840421630263,-1.1782398466799042,3.21024408444677,3,5.769230769230771
27,28,GBReg,5-2-3,52.960638313478945,55,40,52,Mohamed Salah,30,12.960638313478945,-24.47220941100393,67.59840421630263,-1.1782398466799042,3.21024408444677,3,5.769230769230771
27,28,LSTM,5-3-2,72.58534669876099,68,53,52,Mohamed Salah,30,19.585346698760986,-26.982507612786954,63.046515662715116,-1.780486063523726,5.054851043053357,16,30.76923076923077
27,28,LSTM,5-3-2,72.58534669876099,68,53,52,Mohamed Salah,30,19.585346698760986,-26.982507612786954,63.046515662715116,-1.780486063523726,5.054851043053357,16,30.76923076923077
27,28,RFReg,3-5-2,51.771533087857634,66,51,52,Mohamed Salah,30,0.7715330878576339,-1.49026509713035,98.48719002380855,-0.07013937162342158,4.171911492572028,14,26.923076923076916
27,28,RFReg,3-5-2,51.771533087857634,66,51,52,Mohamed Salah,30,0.7715330878576339,-1.49026509713035,98.48719002380855,-0.07013937162342158,4.171911492572028,14,26.923076923076916
27,28,Ridge,4-4-2,52.45225674426005,57,42,52,Mohamed Salah,30,10.452256744260048,-19.927182151993605,75.11367441842846,-0.9502051585690956,3.9824572755616052,5,9.615384615384626
27,28,Ridge,4-4-2,52.45225674426005,57,42,52,Mohamed Salah,30,10.452256744260048,-19.927182151993605,75.11367441842846,-0.9502051585690956,3.9824572755616052,5,9.615384615384626
27,28,XGBoost,3-5-2,56.2711877822876,57,42,52,Mohamed Salah,30,14.271187782287598,-25.361447562654295,66.02098147074382,-1.2973807074806907,3.359741844656249,5,9.615384615384626
27,28,XGBoost,3-5-2,56.2711877822876,57,42,52,Mohamed Salah,30,14.271187782287598,-25.361447562654295,66.02098147074382,-1.2973807074806907,3.359741844656249,5,9.615384615384626
28,29,DeepLearning,3-5-2,42.50178050994873,37,37,40,Cole Palmer,0,5.5017805099487305,-12.944823590769062,85.13032294608452,-0.5001618645407937,4.894251616755953,-3,-7.499999999999996
28,29,DeepLearning,3-5-2,42.50178050994873,37,37,40,Cole Palmer,0,5.5017805099487305,-12.944823590769062,85.13032294608452,-0.5001618645407937,4.894251616755953,-3,-7.499999999999996
28,29,GBReg,4-3-3,48.49212961859991,37,31,40,Bryan Mbeumo,12,17.49212961859991,-36.07210026901052,43.573775423871254,-1.5901936016909004,3.0540743230315925,-3,-7.499999999999996
28,29,GBReg,4-3-3,48.49212961859991,37,31,40,Bryan Mbeumo,12,17.49212961859991,-36.07210026901052,43.573775423871254,-1.5901936016909004,3.0540743230315925,-3,-7.499999999999996
28,29,LSTM,4-3-3,54.76615047454834,49,47,40,Justin Kluivert,4,7.76615047454834,-14.18056665888454,83.47627558606736,-0.7060136795043945,4.484219893361413,9,22.500000000000007
28,29,LSTM,4-3-3,54.76615047454834,49,47,40,Justin Kluivert,4,7.76615047454834,-14.18056665888454,83.47627558606736,-0.7060136795043945,4.484219893361413,9,22.500000000000007
28,29,RFReg,3-4-3,47.86941503753564,37,31,40,Bryan Mbeumo,12,16.86941503753564,-35.240487113343455,45.58253213698181,-1.533583185230512,2.534381981447202,-3,-7.499999999999996
28,29,RFReg,3-4-3,47.86941503753564,37,31,40,Bryan Mbeumo,12,16.86941503753564,-35.240487113343455,45.58253213698181,-1.533583185230512,2.534381981447202,-3,-7.499999999999996
28,29,Ridge,3-5-2,45.34607293228854,31,31,40,Cole Palmer,0,14.346072932288543,-31.63685850748381,53.722345379714376,-1.3041884483898671,2.699960323687929,-9,-22.499999999999996
28,29,Ridge,3-5-2,45.34607293228854,31,31,40,Cole Palmer,0,14.346072932288543,-31.63685850748381,53.722345379714376,-1.3041884483898671,2.699960323687929,-9,-22.499999999999996
28,29,XGBoost,3-4-3,53.76463985443115,37,35,40,Justin Kluivert,4,18.764639854431152,-34.901451781759896,46.38674327305385,-1.705876350402832,3.643362702601367,-3,-7.499999999999996
28,29,XGBoost,3-4-3,53.76463985443115,37,35,40,Justin Kluivert,4,18.764639854431152,-34.901451781759896,46.38674327305385,-1.705876350402832,3.643362702601367,-3,-7.499999999999996
29,30,DeepLearning,3-4-3,40.26457977294922,50,42,40,Bryan Mbeumo,16,-1.7354202270507812,4.310041820470412,95.86804707845053,0.15776547518643466,3.5255533730005393,10,25.0
29,30,DeepLearning,3-4-3,40.26457977294922,50,42,40,Bryan Mbeumo,16,-1.7354202270507812,4.310041820470412,95.86804707845053,0.15776547518643466,3.5255533730005393,10,25.0
29,30,GBReg,5-3-2,46.53302144706777,44,36,40,Bryan Mbeumo,16,10.533021447067767,-22.63558462252293,70.74160709147843,-0.9575474042788883,3.4987279196567176,4,10.000000000000009
29,30,GBReg,5-3-2,46.53302144706777,44,36,40,Bryan Mbeumo,16,10.533021447067767,-22.63558462252293,70.74160709147843,-0.9575474042788883,3.4987279196567176,4,10.000000000000009
29,30,LSTM,4-4-2,76.48527073860168,38,36,40,Bruno Borges Fernandes,4,40.485270738601685,-52.93211404973035,0.0,-3.6804791580546987,6.707466320979128,-2,-5.000000000000004
29,30,LSTM,4-4-2,76.48527073860168,38,36,40,Bruno Borges Fernandes,4,40.485270738601685,-52.93211404973035,0.0,-3.6804791580546987,6.707466320979128,-2,-5.000000000000004
29,30,RFReg,4-4-2,47.857392463257085,42,34,40,Bryan Mbeumo,16,13.857392463257085,-28.955594423361475,59.242963343361524,-1.2597629512051896,3.2190976222268852,2,5.000000000000004
29,30,RFReg,4-4-2,47.857392463257085,42,34,40,Bryan Mbeumo,16,13.857392463257085,-28.955594423361475,59.242963343361524,-1.2597629512051896,3.2190976222268852,2,5.000000000000004
29,30,Ridge,5-3-2,43.61700366093745,46,38,40,Bryan Mbeumo,16,5.617003660937449,-12.878013594427461,85.21841141858566,-0.5106366964488583,2.7688571472922927,6,14.999999999999991
29,30,Ridge,5-3-2,43.61700366093745,46,38,40,Bryan Mbeumo,16,5.617003660937449,-12.878013594427461,85.21841141858566,-0.5106366964488583,2.7688571472922927,6,14.999999999999991
29,30,XGBoost,4-4-2,47.69873070716858,32,32,40,Phil Foden,0,15.698730707168579,-32.91226092271935,50.94146654009819,-1.4271573370153254,3.520029687681359,-8,-19.999999999999996
29,30,XGBoost,4-4-2,47.69873070716858,32,32,40,Phil Foden,0,15.698730707168579,-32.91226092271935,50.94146654009819,-1.4271573370153254,3.520029687681359,-8,-19.999999999999996
