name,position_label,29,30,avg_points
Virgil van Dijk,DEF,,3.902423003010235,3.902423003010235
Joško Gvardiol,DEF,3.623727435186809,3.906727277207239,3.765227356197024
Milos Kerkez,DEF,3.8012245067041794,3.719234421933521,3.7602294643188503
Daniel Muñoz,DEF,,3.660358405861111,3.660358405861111
Andrew Robertson,DEF,,3.472794116659145,3.472794116659145
William Saliba,DEF,3.545945925895827,3.3953903998223844,3.4706681628591056
Ibrahima Konaté,DEF,,3.4362686041321546,3.4362686041321546
Jurriën Timber,DEF,3.3170923624322413,3.3314767138555093,3.3242845381438753
Gabriel dos Santos Magalhães,DEF,3.6027803148591984,2.6454705295641947,3.1241254222116965
Ezri Konsa Ngoyo,DEF,,3.0079420013256755,3.0079420013256755
Lucas Digne,DEF,,2.993438513966736,2.993438513966736
Tino Livramento,DEF,,2.9075696218231024,2.9075696218231024
Dean Huijsen,DEF,3.0169798100515672,2.753600088972707,2.885289949512137
Ola Aina,DEF,3.3820878012465423,2.231115392994775,2.8066015971206584
Illia Zabarnyi,DEF,2.8146757963559157,2.7976601863058232,2.8061679913308692
Marc Cucurella Saseta,DEF,2.904809885130363,2.6954626663574155,2.8001362757438892
Dan Burn,DEF,,2.757187233285414,2.757187233285414
Toti António Gomes,DEF,2.686410512040949,2.805672227713101,2.746041369877025
Nikola Milenković,DEF,2.6237751643156866,2.79434166879851,2.7090584165570983
Kieran Trippier,DEF,,2.684019128643531,2.684019128643531
Antonee Robinson,DEF,3.0611699865199555,2.2525776569247027,2.6568738217223293
Fabian Schär,DEF,,2.6242047105239257,2.6242047105239257
James Tarkowski,DEF,2.598305347494205,2.6426546166652054,2.620479982079705
Rayan Aït-Nouri,DEF,2.6230931778658375,2.5905436304454224,2.60681840415563
Maxence Lacroix,DEF,,2.5878766038924024,2.5878766038924024
Marc Guéhi,DEF,,2.5711730181482735,2.5711730181482735
Neco Williams,DEF,2.477477576762526,2.5860398348148603,2.531758705788693
Murillo Santiago Costa dos Santos,DEF,2.3271818223722978,2.6574905834771694,2.492336202924734
Pervis Estupiñán,DEF,2.599525033492081,2.3789947423748274,2.4892598879334544
Nélson Cabral Semedo,DEF,2.3726206122341864,2.5166184962710334,2.44461955425261
Max Kilman,DEF,2.6331771576458696,2.222616535316761,2.4278968464813153
Nathan Collins,DEF,2.425228571452946,2.356604935696325,2.3909167535746354
Tyrick Mitchell,DEF,,2.3824390992561693,2.3824390992561693
Diogo Dalot Teixeira,DEF,2.314002822038047,2.4028257879849497,2.3584143050114985
Aaron Wan-Bissaka,DEF,2.448265136620325,2.262689175706269,2.355477156163297
Jan Paul van Hecke,DEF,2.3366870760137664,2.358079045817048,2.347383060915407
Matty Cash,DEF,,2.3240603516419553,2.3240603516419553
Vitalii Mykolenko,DEF,2.4402656585892166,2.1575361648214058,2.298900911705311
Matt Doherty,DEF,2.212422887242697,2.359735716512159,2.286079301877428
Rúben Gato Alves Dias,DEF,2.1956692790209438,2.3355744826872917,2.265621880854118
Jarrad Branthwaite,DEF,2.0955579506459907,2.321614739428976,2.2085863450374834
Konstantinos Mavropanos,DEF,2.399282822704649,2.0085158252955235,2.203899324000086
Emmanuel Agbadou,DEF,2.082717990489779,2.253056397518161,2.1678871940039697
Noussair Mazraoui,DEF,2.2666944873290946,2.062417243544216,2.1645558654366552
Jake O'Brien,DEF,2.370949016099698,1.9535014143626395,2.1622252152311687
Timothy Castagne,DEF,2.573319010894834,1.7249373648599577,2.149128187877396
Levi Colwill,DEF,1.9559459128906629,2.260766703468428,2.1083563081795456
Pau Torres,DEF,,2.048492840486999,2.048492840486999
Malo Gusto,DEF,1.196321144251572,2.7787260484346703,1.987523596343121
Destiny Udogie,DEF,1.736497883914478,2.230279763100686,1.983388823507582
Joachim Andersen,DEF,2.3885834576384886,1.547814559742036,1.9681990086902623
Djed Spence,DEF,1.7953395777954855,2.0944774628456626,1.944908520320574
Matthijs de Ligt,DEF,1.8842283690049262,1.7823178838350933,1.8332731264200097
Calvin Bassey,DEF,2.726381619965415,0.9365788287402084,1.8314802243528117
Cristian Romero,DEF,1.6984423681679728,1.9371088905344513,1.8177756293512122
Reece James,DEF,2.243208298684364,1.241369168263399,1.7422887334738815
Wout Faes,DEF,1.6634444781763063,1.8146818743764308,1.7390631762763684
Emerson Palmieri dos Santos,DEF,2.4164346129242245,1.0304769235167126,1.7234557682204685
Ryan Manning,DEF,1.6589993452613823,1.7178014370913064,1.6884003911763443
Kyle Walker-Peters,DEF,1.631375343540205,1.6975446517310033,1.6644599976356043
Taylor Harwood-Bellis,DEF,1.4911020858017265,1.5607066513067505,1.5259043685542384
Lewis Hall,DEF,,1.5008952660102512,1.5008952660102512
Pedro Porro,DEF,1.261821437835868,1.7192104255354455,1.4905159316856569
Trent Alexander-Arnold,DEF,,1.4850400685068235,1.4850400685068235
Manuel Akanji,DEF,1.6084424008289466,1.3419730564417915,1.475207728635369
Sepp van den Berg,DEF,0.9361126502398591,1.859363086051097,1.397737868145478
Felipe Rodrigues da Silva,DEF,1.211744407951655,1.5373645079862364,1.3745544579689457
Rico Lewis,DEF,2.0156696895523423,0.7190914726367731,1.3673805810945576
Dara O'Shea,DEF,1.1099003268132608,1.5433399861856034,1.3266201564994322
James Justin,DEF,1.2435646248335692,1.3885816704996552,1.316073147666612
Jan Bednarek,DEF,0.7172165680644007,1.8613353897339875,1.289275978899194
Ethan Pinnock,DEF,1.3445166514828566,1.1959532774218353,1.2702349644523458
Ben Davies,DEF,1.6699835574509576,0.8111589780535434,1.2405712677522505
Trevoh Chalobah,DEF,0.47744133929330457,2.0017639112055514,1.2396026252494279
Victor Kristiansen,DEF,1.2489400117751959,1.2176263071130327,1.2332831594441143
Kristoffer Ajer,DEF,1.699509348282694,0.6996737278992933,1.1995915380909936
Nathaniel Clyne,DEF,,1.193372043719038,1.193372043719038
Chris Richards,DEF,,1.187874628163733,1.187874628163733
Conor Coady,DEF,0.9658616233218622,1.2252581752641056,1.0955598992929838
Luke Thomas,DEF,0.9688260907708153,1.1912504892159737,1.0800382899933945
Tosin Adarabioyo,DEF,1.1035036384400503,1.0206806650618048,1.0620921517509276
Adam Webster,DEF,1.7400725696676245,0.3225241980961526,1.0312983838818885
Aaron Cresswell,DEF,0.7742543205777935,1.2520101268505301,1.0131322237141618
John Stones,DEF,1.1439004405480078,0.8770219951501906,1.0104612178490993
Lewis Dunk,DEF,0.4987075911927984,1.504872148963591,1.0017898700781946
Adam Smith,DEF,0.5969382898312965,1.3884139490867957,0.9926761194590461
Axel Tuanzebe,DEF,0.23225717403322355,1.7483900351188975,0.9903236045760605
Jean-Clair Todibo,DEF,1.7025885497330604,0.27412751336884666,0.9883580315509535
Leif Davis,DEF,1.5441450024249106,0.37337676169190304,0.9587608820584068
Jacob Greaves,DEF,1.192652313129612,0.7152955195269596,0.9539739163282859
Micky van de Ven,DEF,0.027108424732613656,1.878993246264237,0.9530508354984253
Nathan Aké,DEF,1.0619479123093822,0.795475176759338,0.9287115445343601
Sugawara Yukinari,DEF,1.4294452163944422,0.4276956264672005,0.9285704214308214
Jakub Kiwior,DEF,0.2927165141473398,1.523538201877803,0.9081273580125714
Ollie Scarles,DEF,0.4025999535271426,1.323137789144798,0.8628688713359702
Riccardo Calafiori,DEF,0.8303810465407877,0.8529603385104527,0.8416706925256202
Wesley Fofana,DEF,1.4425733014278324,0.23713352957176204,0.8398534154997972
Leny Yoro,DEF,0.14798200610600443,1.5188205953574672,0.8334013007317358
Marcos Senesi,DEF,0.5318556135340209,1.112705485266338,0.8222805494001795
Harry Maguire,DEF,0.6177993082067195,0.9927494975083173,0.8052744028575184
Cameron Burgess,DEF,0.3363981509299687,1.2562910922959107,0.7963446216129397
Conor Bradley,DEF,,0.788081127686727,0.788081127686727
Joël Veltman,DEF,0.8484265333853264,0.7214357087154706,0.7849311210503984
Benjamin White,DEF,0.7630195289733535,0.7936318893969213,0.7783257091851374
Luke Woolfenden,DEF,1.2186943183993288,0.33416820464294017,0.7764312615211345
Ben Chilwell,DEF,,0.7535631125236091,0.7535631125236091
Jack Stephens,DEF,0.20914439887636416,1.2696615641969762,0.7394029815366702
Patrick Dorgu,DEF,-0.1751356109909057,1.561579967368261,0.6932221781886777
Lisandro Martínez,DEF,0.6724795190018652,0.6730612687322453,0.6727703938670553
Santiago Bueno,DEF,0.7053131992547471,0.6079199632978535,0.6566165812763003
Victor Lindelöf,DEF,1.457942074958026,-0.1575613410698553,0.6501903669440854
Welington Damascena Santos,DEF,0.4996541931841356,0.7820326772106811,0.6408434351974084
Ian Maatsen,DEF,,0.6406511356596445,0.6406511356596445
Benoît Badiashile,DEF,1.3050478306835631,-0.025535531632369546,0.6397561495255968
Issa Diop,DEF,0.20651113053957515,1.0618035722116534,0.6341573513756142
James Bree,DEF,0.652518521970493,0.6049511943011918,0.6287348581358424
Abdukodir Khusanov,DEF,1.3113698948967782,-0.09835443318934756,0.6065077308537153
Konstantinos Tsimikas,DEF,,0.5965715997743917,0.5965715997743917
Kyle Walker,DEF,0.7299293859264115,0.46263355620699365,0.5962814710667026
Conor Townsend,DEF,-0.10481668806796085,1.2926406022096804,0.5939119570708598
Vladimír Coufal,DEF,0.6679527687853019,0.42601843202761147,0.5469856004064566
Lamare Bogarde,DEF,,0.5269600633301182,0.5269600633301182
João Cavaco Cancelo,DEF,0.6240973864167024,0.35717710781865275,0.4906372471176776
Armel Bella-Kotchap,DEF,1.1168185656775225,-0.14742906919484278,0.48469474824133985
Tyrone Mings,DEF,,0.47487185029442225,0.47487185029442225
Emil Krafth,DEF,,0.4725509799698778,0.4725509799698778
Álex Moreno Lopera,DEF,0.15648900837163415,0.7497692985879483,0.4531291534797912
Caleb Okoli,DEF,0.05208607896586548,0.8453626016219496,0.44872434029390756
Nasser Djiga,DEF,0.5784452645529667,0.28263032616125827,0.4305377953571125
James Hill,DEF,0.518880063245636,0.32879711380564125,0.4238385885256386
Lloyd Kelly,DEF,,0.38664277688701487,0.38664277688701487
Max Aarons,DEF,0.3596145653890226,0.3667890882054172,0.3632018267972199
Jorge Cuenca Barreno,DEF,-0.12467832175000293,0.8510039885958758,0.3631628334229364
Diego Carlos Santos Silva,DEF,,0.36166248285309965,0.36166248285309965
Ben Johnson,DEF,-0.4482618245658143,1.1692759008900417,0.3605070381621137
Oleksandr Zinchenko,DEF,0.32337649753513753,0.3544145865215391,0.3388955420283383
Sven Botman,DEF,,0.3357395839511116,0.3357395839511116
Tariq Lamptey,DEF,0.38992157807627614,0.2520811881192504,0.32100138309776327
Joe Gomez,DEF,,0.3186639391054218,0.3186639391054218
Axel Disasi,DEF,,0.30775492356641676,0.30775492356641676
Julián Araujo Zúñiga,DEF,0.29668543203081543,0.3039127158447872,0.3002990739378013
Igor Julio dos Santos de Paulo,DEF,0.36574297473515094,0.2318338334891199,0.2987884041121354
Hugo Bueno López,DEF,0.3309228216899722,0.24615459804327633,0.2885387098666243
Vitor de Oliveira Nunes dos Reis,DEF,0.30148464591879265,0.250739967382116,0.27611230665045433
Chris Mepham,DEF,0.2700502967856101,0.2771816805159164,0.27361598865076325
Jamaal Lascelles,DEF,,0.26044031027510584,0.26044031027510584
Mads Roerslev Rasmussen,DEF,0.20895601989817636,0.24416048735757145,0.2265582536278739
Kurt Zouma,DEF,0.33708048918057787,0.09448637171356977,0.21578343044707382
Nayef Aguerd,DEF,0.3368124486633548,0.09421316057286777,0.2155128046181113
Andrés García,DEF,,0.20892409266566603,0.20892409266566603
Kieran Tierney,DEF,0.29793457141042323,0.11845639491375404,0.20819548316208863
Eiran Cashin,DEF,0.12509874635156826,0.2817570082244534,0.20342787728801082
Craig Dawson,DEF,0.23538958397980292,0.15046349467272935,0.19292653932626613
Willy Boly,DEF,0.24773335293355947,0.12715834225440314,0.1874458475939813
Issa Kaboré,DEF,0.3167554865026698,0.049846369461890916,0.18330092798228037
Tomiyasu Takehiro,DEF,0.16090939272875793,0.19207476173514615,0.17649207723195204
Ryan Sessegnon,DEF,0.31551104223143456,0.024678864207537288,0.17009495321948592
Ashley Young,DEF,-0.12758923796703758,0.45785270559341606,0.16513173381318924
Ferdi Kadioglu,DEF,0.19978516619290354,0.06581753503556431,0.13280135061423393
Chadi Riad Dnanou,DEF,,0.12993341749742005,0.12993341749742005
Yerson Mosquera,DEF,0.17174560257123062,0.08638590646911792,0.12906575452017427
Ki-Jana Hoever,DEF,0.16444880558677144,0.07970537779258935,0.1220770916896804
Emerson Leite de Souza Junior,DEF,-0.11953311002087963,0.35373340877820325,0.11710014937866181
Joel Ward,DEF,,0.10769509257617593,0.10769509257617593
Alex Murphy,DEF,,0.09913945763580934,0.09913945763580934
Wes Okoduwa,DEF,0.14112231073422965,0.056291973983063404,0.09870714235864653
Kaelan Casey,DEF,0.21772508097307552,-0.02487122070776593,0.0964269301326548
Jamal Lewis,DEF,,0.09449707333188884,0.09449707333188884
Alfie Pond,DEF,0.13547523404963746,0.05208776100675805,0.09378149752819775
Matt Targett,DEF,,0.09298590983314536,0.09298590983314536
Ricardo Barbosa Pereira,DEF,-0.26249373667130826,0.42544740400221326,0.0814768336654525
Pedro Cardoso de Lima,DEF,0.12350329736849086,0.039272657112705556,0.08138797724059821
Bastien Meupiyou,DEF,0.11932329809761644,0.0348697082387015,0.07709650316815897
Rob Holding,DEF,,0.0761657094958137,0.0761657094958137
Kevin Danso,DEF,-0.16093813103225685,0.3120196171884553,0.07554074307809922
Miodrag Pivaš,DEF,,0.0702299088491396,0.0702299088491396
George Edmundson,DEF,-0.05701409953816006,0.1804978702208757,0.06174188534135783
Ezra Mayers,DEF,0.1808205637899749,-0.06180439723353115,0.05950808327822188
Malang Sarr,DEF,0.07011123332465585,0.0414692732235149,0.05579025327408538
Jahmai Simpson-Pusey,DEF,0.1882056522437221,-0.07865486162512192,0.05477539530930009
Omar Richards,DEF,0.11473620577656973,-0.00587212689415928,0.05443203944120523
Max Kinsey,DEF,0.04980497634538028,0.05693268368132309,0.05336883001335169
Joe Worrall,DEF,0.11333333077818386,-0.007278541200705924,0.05302739478873897
Archie Harris,DEF,0.04656389417461937,0.05371000557943484,0.050136949877027104
Matai Akinmboni,DEF,0.045103157113726144,0.05221137664838982,0.04865726688105798
Elkan Baggott,DEF,-0.07504476394880588,0.162465246287396,0.04371024116929506
Corrie Ndaba,DEF,-0.07768439482301792,0.15982568722160773,0.0410706461992949
Harry Toffolo,DEF,0.09429354358570774,-0.026287224677851384,0.03400315945392818
Kosta Nedeljković,DEF,,0.02914451016268549,0.02914451016268549
Sergio Reguilón,DEF,-0.21286351946086945,0.2603498295909048,0.023743155065017674
Jannik Vestergaard,DEF,-0.14056515653271529,0.1835295778546926,0.021482210660988654
Julio Soler,DEF,0.011852343033366353,0.01902617214039304,0.015439257586879696
Kenny Tete,DEF,0.127009406558251,-0.10624497685477241,0.010382214851739291
Josh Wilson-Esbrand,DEF,0.14306091784247998,-0.12385288744124301,0.009604015200618488
Ben Mee,DEF,0.1142437764280193,-0.09781264010290092,0.008215568162559195
Max Alleyne,DEF,0.1390045526813004,-0.12787089004718055,0.005566831317059928
Nathan Wood-Gordon,DEF,0.025896600463916286,-0.023728253660706633,0.0010841734016048266
Luke Shaw,DEF,-0.0009219496611088118,-0.0019535340025125247,-0.0014377418318106683
Kaine Kesler-Hayden,DEF,,-0.0018838318979415014,-0.0018838318979415014
Lino da Cruz Sousa,DEF,,-0.0034594573199075995,-0.0034594573199075995
Valentín Barco,DEF,0.06399301941132629,-0.07117107520251786,-0.0035890278955957866
Jarell Quansah,DEF,,-0.007263291827152019,-0.007263291827152019
Ayden Heaven,DEF,0.36101464935641525,-0.39157480626539654,-0.015280078454490642
Odeluga Offiah,DEF,0.04783125570174551,-0.08608935100511328,-0.019129047651683884
Kortney Hause,DEF,,-0.03124168713548703,-0.03124168713548703
Alfie Dorrington,DEF,-0.27937873848864747,0.19388616969050432,-0.04274628439907158
Andrew Omobamidele,DEF,0.014562534020521767,-0.10603415471240174,-0.04573581034593999
Ashley Phillips,DEF,-0.2839330628006351,0.1893193912696154,-0.04730683576550987
Caleb Kporha,DEF,,-0.053675407581156076,-0.053675407581156076
Woyo Coulibaly,DEF,-0.23523669098982847,0.08982124594432017,-0.07270772252275415
Malachi Hardy,DEF,-0.31430359417097575,0.15898742766517038,-0.07765808325290269
Maeson King,DEF,-0.31663936148996186,0.1566470046844558,-0.07999617840275303
Sil Swinkels,DEF,,-0.08686195879752479,-0.08686195879752479
Dante Cassanova,DEF,-0.32531036779680633,0.14796856212459475,-0.08867090283610579
Imari Samuels,DEF,-0.02726422004849982,-0.1611861602808098,-0.0942251901646548
Ruairi McConville,DEF,-0.029935660386702923,-0.16385215331800929,-0.0968939068523561
Jacob Slater,DEF,-0.030520596153254198,-0.16428448940153673,-0.09740254277739546
Nathaniel Phillips,DEF,,-0.10422047470888507,-0.10422047470888507
Rhys Williams,DEF,,-0.104614019998444,-0.104614019998444
Jonny Evans,DEF,-0.1078394860855929,-0.10884924902253257,-0.10834436755406274
Alfie Gilchrist,DEF,-0.09560727855984918,-0.12424502224240985,-0.10992615040112952
Ronnie Edwards,DEF,-0.08602763887734044,-0.13570378000661787,-0.11086570944197915
Jonathan Panzo,DEF,-0.05256357983538473,-0.17316726523698955,-0.11286542253618714
Radu Drăgușin,DEF,-0.3527569753433346,0.12065195549404817,-0.11605250992464322
Juan Larios López,DEF,-0.10012635437067408,-0.14977566843116152,-0.1249510114009178
Nathan Patterson,DEF,-0.2684749327579623,0.01555471764121763,-0.12646010755837234
Josh Acheampong,DEF,-0.11273648957004179,-0.14117798863629805,-0.12695723910316992
Joachim Kayi-Sanda,DEF,-0.1034402480527159,-0.15320020741133678,-0.12832022773202634
Aaron Anselmino,DEF,-0.1141467122924964,-0.14278453739076147,-0.12846562484162893
Ishé Samuels-Smith,DEF,-0.11528913016492348,-0.1439211285662303,-0.1296051293655769
Genesis Antwi,DEF,-0.11601022710975495,-0.14465537245135351,-0.13033279978055423
Harry Clarke,DEF,-0.2532168395633134,-0.015712861234723263,-0.13446485039901834
Mathias Jorgensen,DEF,-0.1525366609557448,-0.11743806564600234,-0.13498736330087358
Tyrell Malacia,DEF,-0.14270346944384693,-0.14371734213081355,-0.14321040578733024
Charlie Taylor,DEF,-0.12204551395019236,-0.17350679006492964,-0.147776152007561
Zach Abbott,DEF,-0.090348642030734,-0.21080924120569322,-0.1505789416182136
Michael Kayode,DEF,-0.1701066001271212,-0.13492964246826977,-0.15251812129769549
Rico Henry,DEF,-0.17130474209430302,-0.13615992874580152,-0.15373233542005227
Amara Nallo,DEF,,-0.15603494554352526,-0.15603494554352526
Harry Souttar,DEF,-0.32739937335611957,-0.0024129674781405708,-0.16490617041713007
Caleb Wiley,DEF,-0.15355185633541213,-0.18219910998149236,-0.16787548315845224
Charlie Tasker,DEF,,-0.17964740435209725,-0.17964740435209725
Aaron Hickey,DEF,-0.2165115957596615,-0.18141365021932465,-0.19896262298949308
Harry Amass,DEF,-0.005422424437312223,-0.39272385030664125,-0.19907313737197674
Maldini Kacurri,DEF,-0.2159069163485643,-0.18470945038548736,-0.20030818336702583
Josh Nichols,DEF,-0.21649872822002436,-0.18534522586962332,-0.20092197704482384
Ben Nelson,DEF,-0.3720569422513669,-0.04706499656857299,-0.20956096940996993
Thomas Wilson-Brown,DEF,-0.38530342201378964,-0.06031169175626738,-0.2228075568850285
Tim Ream,DEF,-0.1269030781412035,-0.36017887872684184,-0.24354097843402267
Kim Ji-soo,DEF,-0.2919263295529091,-0.2568398029212169,-0.274383066237063
Séamus Coleman,DEF,-0.46048714402273916,-0.17648274269321407,-0.3184849433579766
Benjamin Fredrick,DEF,-0.3477174950852566,-0.31259430579123393,-0.3301559004382453
Tyler Fredricson,DEF,-0.33936335968964926,-0.3403660827809414,-0.3398647212352953
Jayden Meghoma,DEF,-0.36563488418508516,-0.3305063122601337,-0.34807059822260944
Michael Keane,DEF,-0.5077291541578841,-0.24679614181390264,-0.3772626479858934
Benjamin Arthur,DEF,-0.4039525388849121,-0.36884361508752916,-0.38639807698622064
Godwill Kukonki,DEF,-0.39495768341361925,-0.39595040865450404,-0.39545404603406165
Kevin Mbabu,DEF,-0.2922812831519801,-0.5255498817828816,-0.40891558246743087
Mason Holgate,DEF,-0.610708616478211,-0.3266031662762032,-0.4686558913772071
Samuel Amissah,DEF,-0.3561967235101209,-0.5892956590160061,-0.4727461912630635
Ben Godfrey,DEF,-0.6416265720543148,-0.40408497386441145,-0.5228557729593631
Roman Dixon,DEF,-0.6768874100047384,-0.39282265926399806,-0.5348550346343682
Alexander Isak,FWD,,4.9514249783910245,4.9514249783910245
Erling Haaland,FWD,5.445328485952791,3.2138542726637653,4.329591379308278
Yoane Wissa,FWD,4.163237175375369,4.101692180270922,4.132464677823146
Jørgen Strand Larsen,FWD,3.976730216227399,3.377807330766072,3.6772687734967358
Liam Delap,FWD,3.0512908628143327,3.785838733272629,3.418564798043481
Omar Marmoush,FWD,3.543302610596145,3.2272580008291283,3.3852803057126364
Paul Onuachu,FWD,3.0847992764398517,3.5099594825019325,3.2973793794708923
Jamie Vardy,FWD,3.4463833143508125,2.445922985037085,2.9461531496939486
João Pedro Junqueira de Jesus,FWD,2.8663471830404523,2.9762180316350433,2.921282607337748
Jean-Philippe Mateta,FWD,,2.8721991951732706,2.8721991951732706
Dominic Solanke-Mitchell,FWD,2.521054998466062,2.917918949412524,2.719486973939293
Norberto Bercique Gomes Betuncal,FWD,2.526329601764461,2.797456713347035,2.661893157555748
Francisco Evanilson de Lima Barbosa,FWD,2.478659388179315,2.826627533444508,2.6526434608119116
Ollie Watkins,FWD,,2.616440026141578,2.616440026141578
Chris Wood,FWD,3.3494884010062917,1.7072364808528173,2.5283624409295546
Nicolas Jackson,FWD,1.6662542379404797,3.22553330163021,2.4458937697853447
Patson Daka,FWD,2.2462547527275123,2.5458578108940277,2.39605628181077
Cody Gakpo,FWD,,2.261999462645879,2.261999462645879
Rasmus Højlund,FWD,2.716786021707398,1.6858056853138699,2.2012958535106337
Joshua Zirkzee,FWD,1.644604503404019,2.7198129226312213,2.18220871301762
Taiwo Awoniyi,FWD,1.467175095440573,2.543596895099922,2.0053859952702475
Eddie Nketiah,FWD,,1.9643762921413728,1.9643762921413728
Rodrigo Muniz Carvalho,FWD,2.2062097705606214,1.6822515827959674,1.9442306766782944
Raúl Jiménez,FWD,1.60619144733215,2.1411758513486214,1.8736836493403857
Danny Welbeck,FWD,1.8962383297257863,1.7145961450263112,1.8054172373760489
Darwin Núñez Ribeiro,FWD,,1.7443800866282997,1.7443800866282997
George Hirst,FWD,1.5095540663405647,1.5834746593236764,1.5465143628321205
Richarlison de Andrade,FWD,1.374324166890432,1.7113261901732124,1.5428251785318223
Niclas Füllkrug,FWD,0.9838520752620923,1.909419713034176,1.446635894148134
Evan Ferguson,FWD,1.3279584323730254,1.4430810867723136,1.3855197595726696
Callum Wilson,FWD,,1.252481008930302,1.252481008930302
Cameron Archer,FWD,1.2406514788329366,0.9148098799944739,1.0777306794137052
Kai Havertz,FWD,1.0563416286502227,1.0328917282814858,1.0446166784658542
Matheus Santos Carneiro Da Cunha,FWD,1.05517801557418,0.8268597736199311,0.9410188945970555
Daniel Jebbison,FWD,0.9697946584211294,0.8775459746279135,0.9236703165245215
Danny Ings,FWD,0.7977407404025132,0.6307089493043818,0.7142248448534475
Jhon Durán,FWD,,0.6378960207840174,0.6378960207840174
Adam Armstrong,FWD,0.6484781965203458,0.6250420573315958,0.6367601269259708
Iliman Ndiaye,FWD,0.12247482552599709,1.1483249018622446,0.6353998636941208
Armando Broja,FWD,0.42771350143019116,0.6322673694272382,0.5299904354287146
Michail Antonio,FWD,0.6044328325020956,0.4371823542240011,0.5208075933630483
Dominic Calvert-Lewin,FWD,0.3454390568154304,0.6077632507094246,0.4766011537624275
Enes Ünal,FWD,0.4678666510221493,0.462683098712652,0.46527487486740066
Dane Scarlett,FWD,0.6737054050053688,0.23107132601941216,0.4523883655123905
Youssef Ramalho Chermiti,FWD,0.48229666683732253,0.3955115369855725,0.4389041019114475
Gabriel Fernando de Jesus,FWD,0.42347512278092836,0.4006273796789048,0.4120512512299166
Ali Al-Hamadi,FWD,0.20776617156035493,0.47913795949438187,0.3434520655273684
William Osula,FWD,,0.2703352394850125,0.2703352394850125
Julián Álvarez,FWD,0.32655173365140044,0.15402715457238503,0.24028944411189274
Chido Obi-Martin,FWD,0.465091248207796,-0.17943728225617606,0.14282698297580998
Odsonne Edouard,FWD,0.021649964102257613,0.2625922079267786,0.14212108601451812
Will Lankshear,FWD,-0.0561181442241101,0.28068693156822055,0.11228439367205523
Mateus Mané,FWD,0.16529668038314282,0.045885437386042005,0.10559105888459241
Marc Guiu Paz,FWD,0.14272829446869606,0.03667960930674896,0.08970395188772251
Deniz Undav,FWD,0.11716998273340762,0.012005262990879562,0.06458762286214359
Fábio Silva,FWD,0.11139141809274045,-0.008026801291145524,0.05168230840079746
Alejo Véliz,FWD,-0.12524253899698246,0.21183623751998715,0.043296849261502346
Ivan Toney,FWD,0.04747655438572651,0.034473834646143064,0.04097519451593479
Romelu Lukaku Bolingoli,FWD,0.09055384222868712,-0.015374755718847277,0.03758954325491992
Divin Mubama,FWD,0.11762932680187577,-0.054983957648994775,0.031322684576440496
Saša Kalajdžić,FWD,0.0880913848907563,-0.03132467907773728,0.028383352906509507
Ross Stewart,FWD,0.03311480295691971,0.00950356093074678,0.021309181943833244
Sean Neave,FWD,,0.016062534169245524,0.016062534169245524
Leon Chiwome,FWD,0.0708422656568286,-0.048491218910612144,0.011175523373108232
Nathan Fraser,FWD,0.06563863430765515,-0.05371890647955446,0.005959863914050345
Remy Rees-Dottin,FWD,-0.0009862786107954769,-0.006158971622460374,-0.0035726251166279255
Zach Marsh,FWD,,-0.00592220752919248,-0.00592220752919248
Igor Thiago Nascimento Rodrigues,FWD,-0.02825837895883221,-0.04126994745451973,-0.03476416320667597
Mark O’Mahony,FWD,0.007344090115339874,-0.09781722406500348,-0.045236566974831804
Sékou Mara,FWD,-0.04265190179562062,-0.06567195345316912,-0.05416192762439487
David Datro Fofana,FWD,-0.01107295768252059,-0.1169972602759064,-0.0640351089792135
Shumaira Mheuka,FWD,-0.017479480275243153,-0.12340444119032923,-0.07044196073278619
Jayden Danns,FWD,,-0.07701428450943526,-0.07701428450943526
Daniel Adu-Adjei,FWD,-0.07620235260790631,-0.08135391035339623,-0.07877813148065127
Freddie Ladapo,FWD,-0.22606609528954325,0.04537831993786767,-0.09034388767583779
Deivid Washington de Souza Eugênio,FWD,-0.06609917023281486,-0.17207397398470414,-0.1190865721087595
Tom Cannon,FWD,-0.24868583303671854,-0.007615714162048981,-0.12815077359938376
Emmanuel Dennis,FWD,-0.08392859565108979,-0.18629254479071022,-0.1351105702209
Hwang Ui-jo,FWD,-0.12290818124115166,-0.2252813129141602,-0.17409474707765593
Iwan Morgan,FWD,-0.18511153634380828,-0.1980882550662484,-0.19159989570502833
Jay Stansfield,FWD,-0.17923532356103689,-0.264111461455367,-0.22167339250820195
Carlos Vinícius Alves Morais,FWD,-0.20116814397930605,-0.28604899073247525,-0.24360856735589065
Nathan Butler-Oyedeji,FWD,-0.23759356012720012,-0.26035160857578865,-0.24897258435149439
Ethan Wheatley,FWD,-0.2653886737852149,-0.28420773584271664,-0.2747982048139658
Neal Maupay,FWD,-0.49916854401853783,-0.23660017793326538,-0.3678843609759016
Martin Sherif,FWD,-0.5656557496270744,-0.30309409647042473,-0.4343749230487496
David Raya Martin,GK,3.9284939636552236,3.785174920776937,3.8568344422160803
Matz Sels,GK,3.4705467701140122,3.8738594494729313,3.6722031097934718
Dean Henderson,GK,,3.612491723826465,3.612491723826465
Bernd Leno,GK,4.080515258520757,2.9773463851140853,3.528930821817421
André Onana,GK,3.304208074043168,3.0980051990602595,3.201106636551714
Emiliano Martínez Romero,GK,,3.1934667803969328,3.1934667803969328
Jordan Pickford,GK,2.7527936730221336,3.5130047182886734,3.1328991956554035
José Malheiro de Sá,GK,2.9637540497744475,3.2210615644462814,3.0924078071103644
Robert Sánchez,GK,2.5968576813701283,2.9729487965449017,2.784903238957515
Aaron Ramsdale,GK,2.819623261047931,2.7137823358600923,2.766702798454012
Kepa Arrizabalaga,GK,2.580370895105654,2.8296538235326234,2.705012359319139
Alphonse Areola,GK,2.588399393528734,2.471076350792747,2.5297378721607404
Mark Flekken,GK,2.4303060826939955,2.5364514906903004,2.483378786692148
Nick Pope,GK,,2.351186346752665,2.351186346752665
Caoimhin Kelleher,GK,,2.254080731916796,2.254080731916796
Guglielmo Vicario,GK,1.9732759655218886,2.2669444561213083,2.1201102108215983
Alex Palmer,GK,1.8928631725827554,2.2938427336150857,2.0933529530989206
Mads Hermansen,GK,1.9469276097447001,2.1750886881797893,2.0610081489622445
Bart Verbruggen,GK,2.0151224401418206,2.05622535065456,2.0356738953981903
Ederson Santana de Moraes,GK,0.8118418883561449,2.8834773512804555,1.8476596198183002
Alisson Ramses Becker,GK,,1.7798134858003876,1.7798134858003876
Stefan Ortega Moreno,GK,2.353672956160256,0.4656805409809981,1.409676748570627
Martin Dúbravka,GK,,1.1245033749591127,1.1245033749591127
Antonín Kinsky,GK,1.0095795915153543,1.1883893971533739,1.098984494334364
Łukasz Fabiański,GK,0.5539424387755487,0.7302060954434787,0.6420742671095137
Arijanet Muric,GK,0.4880791337328139,0.5909135508357741,0.539496342284294
Jakub Stolarczyk,GK,0.45383306431808124,0.6120617176145572,0.5329473909663192
Mark Travers,GK,0.5034906144220752,0.5162264718269952,0.5098585431245353
Filip Jørgensen,GK,0.48398880733484584,0.5085000418515154,0.49624442459318063
Christian Walton,GK,0.35248572036477555,0.45759926464961603,0.4050424925071958
Hákon Valdimarsson,GK,0.23663472948032693,0.34418253632123197,0.29040863290077945
Fraser Forster,GK,0.17433003121109225,0.38237866296270984,0.27835434708690104
Sam Johnstone,GK,0.25378264028727915,0.2580605331966479,0.2559215867419635
Robin Olsen,GK,,0.1800091143257111,0.1800091143257111
Wes Foderingham,GK,0.20518580550449594,0.12687004323733708,0.1660279243709165
Odysseas Vlachodimos,GK,,0.13182945996130824,0.13182945996130824
Matt Turner,GK,,0.12968928147841596,0.12968928147841596
Đorđe Petrović,GK,0.11233527922495179,0.13276365899054343,0.12254946910774761
Alex Paulsen,GK,0.09939850448753984,0.1123179178419671,0.10585821116475347
Alex McCarthy,GK,0.12198213722308049,0.0758429423655429,0.0989125397943117
Brandon Austin,GK,-0.006255308681463956,0.20133507299161413,0.09753988215507509
Gavin Bazunu,GK,0.1063168707197556,0.08834864241115303,0.09733275656545431
Tom King,GK,0.09121758527126955,0.09660814733783984,0.0939128663045547
Tommy Setford,GK,0.08314587382515437,0.09070088010383892,0.08692337696449665
Daniel Bentley,GK,0.07122057217598565,0.08567283140043425,0.07844670178820995
Joe Lumley,GK,0.08028953581572418,0.0669398998374725,0.07361471782659834
Jason Steele,GK,0.09400976950611617,0.039976864810445045,0.06699331715828061
Scott Carson,GK,0.09409965992506197,0.010482626492539282,0.05229114320880063
John Ruddy,GK,,0.048385593851740794,0.048385593851740794
Joe Gauci,GK,,0.047805308525719625,0.047805308525719625
Remi Matthews,GK,,0.047318507895760864,0.047318507895760864
Norberto Murara Neto,GK,0.03657195938890645,0.04486367773910516,0.0407178185640058
Filip Marschall,GK,,0.04049615480959878,0.04049615480959878
Viljami Sinisalo,GK,,0.03945949431955986,0.03945949431955986
Spike Brits,GK,0.07897161051399237,-0.004754140914139504,0.037108734799926435
Callan McKenna,GK,0.02373904736361676,0.036619873298961214,0.030179460331288988
Will Dennis,GK,0.012878096254902438,0.027607632778187674,0.020242864516545056
Karl Hein,GK,0.01481388417343088,0.022330663157786645,0.018572273665608763
Cieran Slicker,GK,-0.03781299779558378,0.07138585521503349,0.016786428709724854
Mateusz Lis,GK,0.02008351744871817,0.0025166980542290496,0.01130010775147361
Carlos Miguel dos Santos Pereira,GK,-0.0013378676528188471,0.012230230066644698,0.005446181206912926
Alfie Whiteman,GK,-0.09963517511621922,0.10996473422176589,0.005164779552773335
Vítezslav Jaros,GK,,-0.013226222773597973,-0.013226222773597973
Harvey Davies,GK,,-0.013567289531163262,-0.013567289531163262
Marcus Bettinelli,GK,-0.02409026969901029,-0.0030614696092745586,-0.013575869654142425
Lucas Bergström,GK,-0.024797330129975537,-0.0038530643755813054,-0.014325197252778421
Oliwier Zych,GK,,-0.023933504595325283,-0.023933504595325283
Danny Ward,GK,-0.1159151212573919,0.05112969878463458,-0.03239271123637866
Altay Bayindir,GK,-0.0529097541875474,-0.015917835569221994,-0.034413794878384696
Daniel Iversen,GK,-0.11648598588136605,0.04326303873616488,-0.036611473572600584
Killian Cahill,GK,-0.014062087576520721,-0.062399431558392116,-0.03823075956745642
Carl Rushworth,GK,-0.018047512082239425,-0.0726761401923759,-0.04536182613730766
Wayne Hennessey,GK,-0.06442999462270083,-0.05115250119539061,-0.05779124790904572
Jack Porter,GK,-0.07229777423887063,-0.06474375346421957,-0.0685207638515451
Hubert Graczyk,GK,-0.14381301635024957,-0.1066833901705233,-0.12524820326038644
Dermot Mee,GK,-0.14441491605200318,-0.1072615457203987,-0.12583823088620094
Steven Benda,GK,-0.07249409578814237,-0.20489551115834592,-0.13869480347324414
Tom Heaton,GK,-0.165908639401541,-0.12833901693826144,-0.14712382816990122
Elyh Harrison,GK,-0.1848700852725509,-0.14774018617172868,-0.16630513572213979
Julian Eyestone,GK,-0.18694380624144036,-0.14892288303275492,-0.16793334463709764
João Neves Virgínia,GK,-0.23417285134043486,-0.11115478363606379,-0.17266381748824933
Asmir Begovic,GK,-0.2549348984406741,-0.1346633890860871,-0.1947991437633806
Mohamed Salah,MID,,7.440423938980632,7.440423938980632
Bryan Mbeumo,MID,5.35740407895577,5.054301738539533,5.2058529087476515
Bruno Borges Fernandes,MID,5.005054425733895,4.694616471965614,4.849835448849754
Son Heung-min,MID,4.231509031929957,4.968331290358912,4.599920161144435
Luis Díaz,MID,,4.345176472250685,4.345176472250685
Cole Palmer,MID,3.628309985501965,4.848233120677846,4.2382715530899056
Antoine Semenyo,MID,4.083253234106295,4.118065908400527,4.100659571253411
Justin Kluivert,MID,5.100248997075188,3.0247207793525055,4.062484888213847
Gabriel Martinelli Silva,MID,3.615446934816668,4.109757187629782,3.862602061223225
Morgan Gibbs-White,MID,4.1126350577146304,3.53068131451254,3.821658186113585
Martin Ødegaard,MID,3.8818881153678797,3.698353410552829,3.7901207629603544
Ismaïla Sarr,MID,,3.769495892573186,3.769495892573186
Mitoma Kaoru,MID,3.6956706859943944,3.6750703658989243,3.6853705259466594
Jacob Murphy,MID,,3.6506181088387093,3.6506181088387093
Jarrod Bowen,MID,3.8875453896700636,3.325500899893531,3.6065231447817974
Morgan Rogers,MID,,3.5823408453503074,3.5823408453503074
Anthony Elanga,MID,3.672008514213501,3.340704484975417,3.506356499594459
Bruno Guimarães Rodriguez Moura,MID,,3.4635351695286465,3.4635351695286465
Phil Foden,MID,3.8282250815043035,3.0800064719845324,3.454115776744418
Alexis Mac Allister,MID,,3.367799074732038,3.367799074732038
Eberechi Eze,MID,,3.3497446952736327,3.3497446952736327
Dominik Szoboszlai,MID,,3.316912255784568,3.316912255784568
Alejandro Garnacho,MID,3.218066666101343,3.2406186843719116,3.2293426752366274
Declan Rice,MID,3.2093011917714382,3.0725240295769467,3.1409126106741923
Sávio 'Savinho' Moreira de Oliveira,MID,2.654094014857309,3.6252999539211483,3.1396969843892286
Diogo Teixeira da Silva,MID,,3.1353913299607807,3.1353913299607807
Joelinton Cássio Apolinário de Lira,MID,,3.102254707625794,3.102254707625794
Kevin Schade,MID,2.864889310333572,3.2976836530703304,3.081286481701951
Lewis Cook,MID,2.8737366403187967,3.268991723422399,3.0713641818705977
Dango Ouattara,MID,2.4477937991774628,3.683248679847142,3.0655212395123024
Harvey Barnes,MID,,2.9941448216367545,2.9941448216367545
Ilkay Gündogan,MID,3.065313012323057,2.855736607690161,2.960524810006609
Leandro Trossard,MID,3.5233180908123902,2.358810825559299,2.9410644581858447
Youri Tielemans,MID,,2.914046902281343,2.914046902281343
Sandro Tonali,MID,,2.8169556437244827,2.8169556437244827
Enzo Fernández,MID,2.714766435594804,2.9186494075460567,2.8167079215704303
Jadon Sancho,MID,2.6177060510821955,2.9751693490718294,2.7964377000770124
Lucas Tolentino Coelho de Lima,MID,2.624078825373754,2.9391880293931356,2.781633427383445
Ryan Gravenberch,MID,,2.777614243153754,2.777614243153754
Elliot Anderson,MID,2.9493771963636988,2.48983844804345,2.7196078222035744
Boubacar Kamara,MID,,2.70104393172588,2.70104393172588
Jérémy Doku,MID,2.4967896074212383,2.851404563956011,2.674097085688625
Mikel Merino,MID,2.9478711610936204,2.3814013663151314,2.664636263704376
Curtis Jones,MID,,2.6608892704569564,2.6608892704569564
Tomáš Souček,MID,3.3205511036781514,1.9742227383860722,2.647386921032112
Christian Nørgaard,MID,2.6891456974486863,2.577706238615246,2.633425968031966
Anthony Gordon,MID,,2.63078486617589,2.63078486617589
André Trindade da Costa Neto,MID,2.7243433630024567,2.4912364366052286,2.6077898998038425
Ryan Christie,MID,2.672474522127656,2.517929132175148,2.595201827151402
John McGinn,MID,,2.5834280474038254,2.5834280474038254
Moisés Caicedo Corozo,MID,2.555745094443553,2.5836022749509455,2.569673684697249
Abdoulaye Doucouré,MID,2.477793249555467,2.64171048041284,2.5597518649841535
Keane Lewis-Potter,MID,2.606857684258431,2.5037587410037885,2.5553082126311097
Alex Iwobi,MID,2.9868969766603772,2.101063205596334,2.543980091128356
Pedro Lomba Neto,MID,2.39240260985972,2.6841147248227344,2.5382586673412275
Kevin De Bruyne,MID,2.835495196099126,2.2148625493965213,2.5251788727478237
Thomas Partey,MID,2.462983928008308,2.5723075633477204,2.5176457456780144
James Maddison,MID,1.9504314648900238,3.0332262515163784,2.491828858203201
Jean-Ricner Bellegarde,MID,2.5592433753862007,2.4072206247860777,2.483232000086139
Julio Enciso,MID,2.2037697735262767,2.7624431599952066,2.4831064667607414
Idrissa Gueye,MID,2.4815202660906417,2.463613062391782,2.472566664241212
Tyler Adams,MID,2.6630933892516566,2.235931586700227,2.449512487975942
Marcus Rashford,MID,,2.4135626625472906,2.4135626625472906
Jefferson Lerma Solís,MID,,2.4127002196980687,2.4127002196980687
Mohammed Kudus,MID,3.261903895647664,1.557706514257549,2.4098052049526064
João Victor Gomes da Silva,MID,2.5331217291389017,2.261921437368568,2.397521583253735
Mikkel Damsgaard,MID,2.571837587702925,2.215265324050105,2.3935514558765147
Myles Lewis-Skelly,MID,2.435847121759398,2.311828991130665,2.3738380564450314
Emile Smith Rowe,MID,2.458004121023442,2.1789093505439654,2.3184567357837036
Lesley Ugochukwu,MID,2.314049810237626,2.315645077254091,2.3148474437458586
Jacob Ramsey,MID,,2.3006297403112472,2.3006297403112472
Rodrigo Bentancur,MID,2.2774035720420973,2.2600493295986586,2.268726450820378
James Ward-Prowse,MID,2.714100112004676,1.818880417459234,2.2664902647319547
Sander Berge,MID,2.233377866674422,2.132383519415975,2.1828806930451985
Mateus Gonçalo Espanha Fernandes,MID,1.8555566288419487,2.351503029305986,2.1035298290739677
Jens Cajuste,MID,2.0015494005901635,2.1886623194971966,2.09510586004368
Bukayo Saka,MID,1.5389116444140933,2.597815526885338,2.0683635856497156
Joe Aribo,MID,2.650941229219793,1.4826028853042164,2.0667720572620047
Jack Harrison,MID,2.1474535209566303,1.9793007783030658,2.063377149629848
Bilal El Khannouss,MID,2.290202016270908,1.8307283139984465,2.0604651651346773
Andreas Hoelgebaum Pereira,MID,2.803309653749019,1.3119569719440378,2.0576333128465283
Kamaldeen Sulemana,MID,2.0540919066722405,1.9786840395077778,2.0163879730900094
Boubakary Soumaré,MID,1.9248009345968569,2.01466857600963,1.9697347553032434
Georginio Rutter,MID,2.7994917955703116,1.1163036360939942,1.9578977158321529
Jack Hinshelwood,MID,2.2842908205577714,1.613327783211525,1.9488093018846482
Matheus Luiz Nunes,MID,1.170139653788672,2.6128302158691046,1.8914849348288882
Amad Diallo,MID,1.8781478135915077,1.8772624140174874,1.8777051138044976
Carlos Baleba,MID,2.4231278505435916,1.3140221707807365,1.868575010662164
Dejan Kulusevski,MID,1.7352546814214578,1.9992554922431198,1.8672550868322888
Yasin Ayari,MID,1.3830947842941144,2.3165257083862727,1.8498102463401935
Yankuba Minteh,MID,2.6957153769148654,0.9993607469761028,1.847538061945484
Bernardo Veiga de Carvalho e Silva,MID,2.2405196121333737,1.4135936415507317,1.8270566268420527
Manuel Ugarte,MID,2.1488486578348773,1.4609210590510504,1.8048848584429638
James Garner,MID,1.6917770048897682,1.906760631142074,1.799268818015921
Lucas Bergvall,MID,1.5178048773566741,2.073744415742029,1.7957746465493516
Simon Adingra,MID,1.2144557778320135,2.347971218266254,1.7812134980491339
Nico González,MID,1.8735270766512522,1.677783204132695,1.7756551403919736
Callum Hudson-Odoi,MID,2.574373895537116,0.9502019713917509,1.7622879334644335
Jack Grealish,MID,0.7658558616476037,2.7586180774623577,1.7622369695549807
Ethan Nwaneri,MID,1.0652758060047471,2.4485768792736384,1.7569263426391928
Nathan Broadhead,MID,1.00961132519339,2.4998327393415702,1.7547220322674801
Adama Traoré,MID,1.470817544948031,2.015857044496533,1.743337294722282
Omari Giraud-Hutchinson,MID,2.3973917382934977,1.008355439625687,1.7028735889595925
Diego Gómez,MID,1.7449248286266101,1.642025201439428,1.6934750150330191
Marshall Munetsi,MID,1.7177148490745664,1.6626503188809596,1.690182583977763
Tyler Dibling,MID,2.4277414409473996,0.9398113900129306,1.683776415480165
David Brooks,MID,1.7306944718466681,1.6326752930547737,1.681684882450721
Gonçalo Manuel Ganchinho Guedes,MID,2.021039994764848,1.300025738059624,1.660532866412236
Wilfred Ndidi,MID,1.541038669379566,1.7603224867070588,1.6506805780433123
Brennan Johnson,MID,1.515986583987833,1.7741952144817286,1.6450908992347808
Carlos Soler,MID,1.557995211287171,1.7285386677481411,1.643266939517656
Vitaly Janelt,MID,2.171086325690205,1.0852288703644148,1.6281575980273097
Carlos Alcaraz Durán,MID,1.8493605089945357,1.4055619965038597,1.6274612527491978
Noni Madueke,MID,1.3413930116183164,1.8537829279920897,1.5975879698052031
Ryan Yates,MID,1.1326251576062842,2.0352062269248745,1.5839156922655793
Marcus Tavernier,MID,2.3758051814845444,0.7654853909566257,1.570645286220585
Adam Wharton,MID,,1.54866422874591,1.54866422874591
Daichi Kamada,MID,,1.497695279429066,1.497695279429066
Nicolás Domínguez,MID,1.887171906632028,1.1021008608452083,1.494636383738618
Saša Lukić,MID,0.9427377836869827,2.0299092196549697,1.4863235016709762
Pablo Sarabia,MID,1.526241533606654,1.439619200493521,1.4829303670500875
Jordan Ayew,MID,1.3616863357095854,1.5579340530429795,1.4598101943762825
Christian Eriksen,MID,1.878230535736754,1.028558308137677,1.4533944219372155
Sam Morsy,MID,0.6819843622378415,2.1951239562542346,1.438554159246038
Archie Gray,MID,2.0407483992834683,0.8217943981596172,1.4312713987215426
Brajan Gruda,MID,0.9876596904992753,1.8021298854750467,1.394894787987161
Marco Asensio,MID,,1.3937015339211605,1.3937015339211605
Mathys Tel,MID,1.8767968776855826,0.9038591063543555,1.390327992019969
Mateo Kovačić,MID,1.4320709501217883,1.284764098505641,1.3584175243137147
João Pedro Ferreira Silva,MID,1.860456799776338,0.8293855579848122,1.344921178880575
Edson Álvarez Velázquez,MID,1.0397762621150122,1.6204476670678019,1.330111964591407
Harry Winks,MID,1.583517083669657,1.045401165110228,1.3144591243899426
Donyell Malen,MID,,1.3129342063133609,1.3129342063133609
Yehor Yarmoliuk,MID,0.841110309218153,1.6937016356552923,1.2674059724367226
Will Hughes,MID,,1.261728169281742,1.261728169281742
Joe Willock,MID,,1.261608786517185,1.261608786517185
Jaden Philogene,MID,1.6843918033492817,0.812989334340029,1.2486905688446552
Christopher Nkunku,MID,1.9378466204118907,0.5587686354763546,1.2483076279441225
Kalvin Phillips,MID,1.611095704347116,0.883472657955725,1.2472841811514206
Leon Bailey,MID,,1.2427252215724844,1.2427252215724844
Jesper Lindstrøm,MID,1.4760463401789279,0.9470489607411319,1.2115476504600298
Jack Clarke,MID,1.1739270876273105,1.2316818513887062,1.2028044695080085
Flynn Downes,MID,0.7407098776433818,1.5881578935462275,1.1644338855948047
Amadou Onana,MID,,1.1625655838245943,1.1625655838245943
Hwang Hee-chan,MID,1.187767371370833,1.0801587424137988,1.1339630568923158
Wilson Odobert,MID,0.5620565582657533,1.6682689527651728,1.115162755515463
Pape Matar Sarr,MID,0.6940614639321617,1.4857196846741303,1.089890574303146
Bobby De Cordova-Reid,MID,0.9913531231553319,1.1850147450873973,1.0881839341213646
Facundo Buonanotte,MID,0.9627084829197742,1.1466244373817016,1.0546664601507378
Stephy Mavididi,MID,1.162404900302509,0.9084120115010277,1.0354084559017682
Jack Taylor,MID,0.909541904354663,1.12311649301163,1.0163291986831464
Matheus França de Oliveira,MID,,0.9932338117194577,0.9932338117194577
Matt O'Riley,MID,0.8373477290412968,1.1412372723135005,0.9892925006773987
Willian Borges da Silva,MID,1.557558725873816,0.40370728357555574,0.9806330047246858
Harry Wilson,MID,1.030504094736084,0.9278750056262903,0.9791895501811871
Nico O'Reilly,MID,0.22528557217560885,1.7262738164794005,0.9757796943275047
Carlos Henrique Casimiro,MID,0.6886188565910507,1.2186028008691006,0.9536108287300756
Yves Bissouma,MID,1.1696588469813582,0.7225426581678343,0.9461007525745962
Rodrigo Martins Gomes,MID,0.9337987883772363,0.8307607239698743,0.8822797561735554
Kiernan Dewsbury-Hall,MID,0.9309600161855339,0.8034356862340516,0.8671978512097928
Danilo dos Santos de Oliveira,MID,0.755723539141597,0.8757118649795018,0.8157177020605494
Kobbie Mainoo,MID,0.8203984637389894,0.806063686064424,0.8132310749017067
Mats Wieffer,MID,0.7257818514137371,0.8723693162877453,0.7990755838507412
Sam Szmodics,MID,0.7171600071033288,0.8464610786100438,0.7818105428566864
Tommy Doyle,MID,1.049357903750105,0.5133880845619789,0.781372994156042
Guido Rodríguez,MID,1.0311972627388113,0.5047003566983677,0.7679488097185895
Alex Scott,MID,0.17611712433470217,1.3415352662825075,0.7588261953086048
Justin Devenny,MID,,0.7138156118426615,0.7138156118426615
Crysencio Summerville,MID,0.7714513120345305,0.6560656181750912,0.7137584651048109
Romain Esse,MID,,0.6927655548708103,0.6927655548708103
Albert Grønbæk,MID,0.9448221670177288,0.4400869836228819,0.6924545753203053
Timo Werner,MID,0.5669688929452757,0.808099761426302,0.6875343271857889
Lewis Miley,MID,,0.6795356136120092,0.6795356136120092
James McAtee,MID,0.48462748199299055,0.8577833235880753,0.671205402790533
Ross Barkley,MID,,0.6566904441589819,0.6566904441589819
Ramón Sosa,MID,0.4697353310524568,0.7776029218729548,0.6236691264627058
Luis Guilherme Lira dos Santos,MID,0.28720050401499764,0.9450767733596931,0.6161386386873453
Mikey Moore,MID,0.492804240156989,0.7338825076949718,0.6133433739259804
Mason Mount,MID,0.3510953272114705,0.8456043259463497,0.5983498265789101
Raheem Sterling,MID,0.5595962562121387,0.5888522204971938,0.5742242383546663
Endo Wataru,MID,,0.5505384260674081,0.5505384260674081
Oliver Skipp,MID,0.14521224932637056,0.9190084350929014,0.532110342209636
Andy Irving,MID,0.5838482633573577,0.468545525837488,0.5261968945974229
Wes Burns,MID,0.45919324611208323,0.588511025828011,0.5238521359700471
Luis Sinisterra,MID,0.8394150413822756,0.20427315318096606,0.5218440972816208
Solly March,MID,0.5817084603140374,0.4485805528719695,0.5151445065930035
Conor Chaplin,MID,0.442338880177218,0.571657825584279,0.5069983528807485
Tom Cairney,MID,0.8035701766224931,0.1828045250736714,0.49318735084808224
João Félix Sequeira,MID,0.5084390280861442,0.47693906762979443,0.4926890478579693
Mario Lemina,MID,0.5174089237522606,0.4144723301391964,0.46594062694572846
Orel Mangala,MID,0.3753412535810138,0.5487382318029441,0.46203974269197895
Federico Chiesa,MID,,0.4597049908529489,0.4597049908529489
Kasey McAteer,MID,0.5903296609184017,0.3288681560176038,0.4595989084680027
Mathias Jensen,MID,0.4324731241766613,0.4648110692167231,0.4486420966966922
Carlos Roberto Forbs Borges,MID,0.4937679050207414,0.3907710790235991,0.44226949202217025
Cheick Doucouré,MID,,0.4342144679140292,0.4342144679140292
Moussa Diaby,MID,,0.42709467910814547,0.42709467910814547
Tim Iroegbunam,MID,0.3442037608118709,0.5042995112345514,0.42425163602321114
Rodrigo 'Rodri' Hernandez,MID,0.48369730153482515,0.3372786744951337,0.41048798801497943
Pascal Groß,MID,0.4727339847984935,0.3398308219895917,0.4062824033940426
Miguel Almirón Rejala,MID,,0.39343718265238337,0.39343718265238337
Emiliano Buendía Stati,MID,,0.39243099462569475,0.39243099462569475
Will Smallbone,MID,0.39345762186288824,0.33445794976658005,0.36395778581473415
Harvey Elliott,MID,,0.3538771703806135,0.3538771703806135
Mykhailo Mudryk,MID,0.3639685779868559,0.332561530066422,0.34826505402663893
Boubacar Traoré,MID,0.19869527054245673,0.49583186708614835,0.34726356881430254
Sean Longstaff,MID,,0.33428502980128116,0.33428502980128116
Daniel Castelo Podence,MID,0.38267213386094445,0.27975303377950245,0.33121258382022345
Claudio Echeverri,MID,0.4030110597599956,0.2566172461293321,0.3298141529446639
Toby Collyer,MID,0.6671612825432764,-0.01713050493317536,0.32501538880505054
Ibrahim Sangaré,MID,0.11615863108017455,0.5094892709591661,0.3128239510196703
Tyrique George,MID,0.6440662039679059,-0.03876120502464575,0.3026524994716301
Antony Matheus dos Santos,MID,0.30616219732127525,0.2921183727398058,0.2991402850305405
Philip Billing,MID,0.28594240764709156,0.29881478422717356,0.29237859593713256
Adam Lallana,MID,0.3110927869884653,0.25214869550481045,0.2816207412466379
Oscar Bobb,MID,0.12658217002296568,0.4153877301385771,0.2709849500807714
Jeffrey Schlupp,MID,,0.25813917803429187,0.25813917803429187
Roméo Lavia,MID,0.48709695833382805,-0.005000204729318947,0.24104837680225455
Abdul Fatawu,MID,0.12690870326664583,0.32055603213992256,0.2237323677032842
Conor Gallagher,MID,0.2206623562739949,0.18924787607599058,0.20495511617499274
Samuel Iling-Junior,MID,,0.195449615058378,0.195449615058378
Manor Solomon,MID,0.0720948024081578,0.3132478082032545,0.19267130530570614
Lewis Orford,MID,0.2477873507860926,0.13247562072809682,0.1901314857570947
Paris Maghoma,MID,-0.05383434967586287,0.42770425333655093,0.18693495183034403
Ben Brereton Díaz,MID,0.19677192859708237,0.13783946937584668,0.16730569898646452
Jorge Luiz Frello Filho,MID,0.15178447836241915,0.18051202118927723,0.1661482497758482
Chiedozie Ogbene,MID,0.08229479252797045,0.21163151908614108,0.14696315580705577
Marcus Myers-Harness,MID,0.07417098821026546,0.20350084888739772,0.1388359185488316
James Milner,MID,0.19459888137543802,0.06168836708671277,0.1281436242310754
Yunus Emre Konak,MID,0.3286981700264131,-0.07915758691519303,0.12477029155561004
Romain Faivre,MID,0.1172056197693061,0.1300889531425009,0.1236472864559035
Massimo Luongo,MID,0.05246462517146466,0.1818694199869002,0.11716702257918243
Billy Gilmour,MID,0.18299215190181894,0.050085656352392594,0.11653890412710577
Fábio Freitas Gouveia Carvalho,MID,0.10004797445731817,0.13275444016946736,0.11640120731339276
Lewis Dobbin,MID,,0.11070718075249197,0.11070718075249197
Pierre-Emile Højbjerg,MID,-0.01271984160937123,0.22843498584788446,0.10785757211925662
Bryan Gil Salvatierra,MID,-0.012809715190975846,0.22834298002032716,0.10776663241467566
Ryan Fraser,MID,0.13451944268249982,0.07558266292148774,0.10505105280199378
Francisco Jorge Tomás Oliveira,MID,0.15239836122266537,0.04948414680071611,0.10094125401169074
Andrew Moran,MID,0.15993601601150553,0.027033964116111697,0.09348499006380862
George Earthy,MID,0.14816286219350072,0.03286033066248639,0.09051159642799356
Enzo Barrenechea,MID,,0.08993535767217975,0.08993535767217975
Ibrahim Osman,MID,0.15619861348358577,0.0232965615881926,0.08974758753588918
Giovani Lo Celso,MID,-0.03322159120772139,0.20792839243064476,0.08735340061146168
Joe Hodge,MID,0.13871287964434265,0.03578272728886733,0.08724780346660499
Luke Cundle,MID,0.13825017051696364,0.0353086762239625,0.08677942337046307
Tom Edozie,MID,0.13649712351789334,0.033531467282774896,0.08501429540033412
Dwight McNeil,MID,-0.0017550277544309267,0.17144540229044147,0.08484518726800527
Jeremy Sarmiento Morante,MID,0.15093775151257205,0.0180320562928602,0.08448490390271612
Tawanda Chirewa,MID,0.13546095125756952,0.03254389384101697,0.08400242254929324
Zain Silcott-Duberry,MID,0.07645429758598721,0.08934647818593477,0.08290038788596099
Ben Winterburn,MID,0.07054480466263091,0.08339678048100474,0.07697079257181783
Mahmoud Dahoud,MID,0.1352106474952639,0.002307995352584191,0.06875932142392405
Asher Agbinone,MID,,0.06815721335882152,0.06815721335882152
Jakub Moder,MID,0.13154321280923553,-0.0014315371269004729,0.06505583784116753
Enso González,MID,0.1147021726573112,0.01176925045240007,0.06323571155485563
Reiss Nelson,MID,0.11459644166017058,0.011647291190270748,0.06312186642522066
Fábio Ferreira Vieira,MID,0.04812146143668339,0.07685089600848305,0.06248617872258322
Samuel Edozie,MID,0.08354489155092915,0.024622236368694983,0.054083563959812064
Lewis O'Brien,MID,0.12038907590393522,-0.013757895949735088,0.053315589977100064
Kaden Rodney,MID,,0.03672769053087399,0.03672769053087399
Naouirou Ahamada,MID,,0.03437365749542409,0.03437365749542409
Jesurun Rak-Sakyi,MID,,0.03338769282960752,0.03338769282960752
Maxwel Cornet,MID,0.062493585468435864,0.003579769853805592,0.03303667766112073
David Ozoh,MID,,0.03281285308830495,0.03281285308830495
Malcolm Ebiowei,MID,,0.0327205776423376,0.0327205776423376
Hamza Choudhury,MID,-0.06724415878545087,0.12789672764501359,0.03032628442978136
Dominic Sadi,MID,0.017005157035719476,0.029870834270860236,0.023437995653289856
Jaidon Anthony,MID,0.013746397051570991,0.026642207416830876,0.020194302234200934
Hamed Traorè,MID,0.012735169584920047,0.02561481189333681,0.019174990739128428
Cameron Humphreys,MID,-0.04602497415292439,0.08330550769179523,0.01864026676943542
Franco Umeh-Chibueze,MID,,0.01572554881356636,0.01572554881356636
Jacob Wright,MID,0.08617735468404342,-0.06018775433782775,0.012994800173107834
Joe White,MID,,0.012034660457984181,0.012034660457984181
Jamaldeen Jimoh,MID,,0.010697039992977997,0.010697039992977997
Ben Broggio,MID,,0.010567187190113847,0.010567187190113847
Leander Dendoncker,MID,,0.009268811187134185,0.009268811187134185
Damola Ajayi,MID,-0.11613494863463303,0.12501933046950287,0.004442190917434918
Min-Hyeok Yang,MID,-0.11631294773079026,0.12484321164270384,0.004265131955956791
Callum Olusesi,MID,-0.11646472260695817,0.12468491803202042,0.0041100977125311244
Luca Williams-Barnett,MID,-0.1164911405567366,0.12465864299920093,0.004083751221232168
Alfie Devine,MID,-0.11718022851776566,0.12396380038820265,0.0033917859352184943
Kadan Young,MID,,-0.0073029776402826485,-0.0073029776402826485
Garang Kuol,MID,,-0.010519814608307199,-0.010519814608307199
Isaac Hayden,MID,,-0.010598292066134496,-0.010598292066134496
Joe Knight,MID,0.05576929373528827,-0.07712716589909774,-0.010678936081904733
Amario Cozier-Duberry,MID,0.05119953557902468,-0.0817030956433531,-0.015251780032164208
Adrian Mazilu,MID,0.05104052251511271,-0.08185950763569316,-0.015409492560290228
Kacper Kozłowski,MID,0.05078582329055359,-0.08211693935349107,-0.01566555803146874
Benicio Baker-Boaitey,MID,0.0506898238149891,-0.08221384966013545,-0.015762012922573176
Renato Palma Veiga,MID,-0.008653044178058122,-0.04008076253636639,-0.024366903357212255
Mathis Amougou,MID,-0.019211534057818502,-0.050612835635693854,-0.03491218484675618
Cameron Peupion,MID,0.03083644128461005,-0.10206400083076783,-0.03561377977307889
Scott McTominay,MID,-0.03336535902233129,-0.04737876195406643,-0.04037206048819886
Joseph O'Brien-Whitmarsh,MID,-0.014531592788441738,-0.07345140497607239,-0.04399149888225706
Shea Charles,MID,-0.015932018879827536,-0.07485678538771334,-0.04539440213377044
Carney Chukwuemeka,MID,-0.034361599876124416,-0.06577799131735085,-0.05006979559673763
Josh Bowler,MID,0.015261165398046783,-0.1188866963664017,-0.05181276548417746
Alex Mighten,MID,0.015237589511510219,-0.11890785034349349,-0.05183513041599164
Frank Onyeka,MID,-0.06879433777418731,-0.036359370072567954,-0.05257685392337763
Eric da Silva Moreira,MID,0.02409965631050137,-0.13094631048851202,-0.053423327089005324
Jimi Gower,MID,,-0.053466945681186484,-0.053466945681186484
Facundo Pellistri Rebollo,MID,-0.049757681621936056,-0.0637671038254013,-0.056762392723668675
Samuel Amo-Ameyaw,MID,-0.03388461028218104,-0.09281467119340125,-0.06334964073779115
Harrison Reed,MID,-0.014244622816416141,-0.11718304227162202,-0.06571383254401908
Will Alves,MID,-0.1680107112756375,0.02564589375332238,-0.07118240876115756
Henry Cartwright,MID,-0.16877287535743246,0.024907298199191352,-0.07193278857912055
Wanya Marçal-Madivádua,MID,-0.1717326921736484,0.02194720609823486,-0.07489274303770677
Gustavo Nunes Fernandes Gomes,MID,-0.0932716393693902,-0.060839567998270505,-0.07705560368383035
Treymaurice Nyoni,MID,,-0.08257123418405166,-0.08257123418405166
Josh King,MID,-0.03134280800029976,-0.13422002577922654,-0.08278141688976315
Stefan Bajčetić Maquieira,MID,,-0.08493856764231378,-0.08493856764231378
Ben Doak,MID,,-0.08525785965127275,-0.08525785965127275
Bobby Clark,MID,,-0.08534512582383846,-0.08534512582383846
Samuel Rak-Sakyi,MID,-0.07311183781686514,-0.10450397918978016,-0.08880790850332265
Ângelo Gabriel Borges Damaceno,MID,-0.07515356595577138,-0.1065620705010768,-0.09085781822842409
Michael Golding,MID,-0.18965997571692816,0.003987600701093275,-0.09283618750791744
Andrey Nascimento dos Santos,MID,-0.07744597870422165,-0.1088425947050331,-0.09314428670462738
Josh Dasilva,MID,-0.11862839408197279,-0.08619225063565805,-0.10241032235881542
Tyler Morton,MID,,-0.10466076912019284,-0.10466076912019284
James McConnell,MID,,-0.10548282989951274,-0.10548282989951274
Sékou Koné,MID,-0.09879807016827247,-0.1128018308148444,-0.10579995049155844
Jack Moorhouse,MID,-0.09881871430893452,-0.1128304134346021,-0.1058245638717683
Cesare Casadei,MID,-0.09636062178098004,-0.12778466999481153,-0.11207264588789578
Ismeal Kabia,MID,-0.13622659899387046,-0.10749109152258951,-0.12185884525822999
Salah-Eddine Oulad M'hand,MID,-0.13639691785248398,-0.10768441157936048,-0.12204066471592223
Omari Kellyman,MID,-0.11775543454384318,-0.14988171688436913,-0.13381857571410616
Jack Fletcher,MID,-0.152841582398344,-0.16685536602293394,-0.15984847421063897
Jayce Fitzgerald,MID,-0.15287453553824193,-0.16688331917240018,-0.15987892735532105
Tony Yogane,MID,-0.17721375956795238,-0.1447668883013955,-0.16099032393467394
Hannibal Mejbri,MID,-0.15468488536290304,-0.1686922649014786,-0.16168857513219081
Ryan Trevitt,MID,-0.18136247827563756,-0.14892587987370143,-0.1651441790746695
Myles Peart-Harris,MID,-0.18152850725224146,-0.1490931393857653,-0.16531082331900337
Ethan Brierley,MID,-0.20141194217215963,-0.16898298396085454,-0.18519746306650708
Coby Ebere,MID,-0.2987709169083874,-0.1253908770518346,-0.212080896980111
Martial Godo,MID,-0.1676901191804172,-0.2705235776147703,-0.21910684839759376
Luke Harris,MID,-0.17055843488598033,-0.2734882846475104,-0.22202335976674537
Harrison Armstrong,MID,-0.33048015844599377,-0.15710678290690394,-0.24379347067644885
Isaac Heath,MID,-0.3521091760094992,-0.17872761740886323,-0.2654183967091812
Callum Bates,MID,-0.3527111923477302,-0.17933466678167354,-0.26602292956470186
Jenson Metcalfe,MID,-0.35330458977716783,-0.17992233927133028,-0.26661346452424906
